N°,periodo,Destination,Anguilla,Antigua and Barbuda,Aruba,Bahamas,Barbados,"Bonaire, Sint Eustatius and Saba",British Virgin Islands,Cayman Islands,Cuba,Curaçao,Dominica,Dominican Republic,Grenada,Guadeloupe,Haiti,Jamaica,Martinique,Montserrat,Puerto Rico,Saint Kitts and Nevis,Saint Lucia,Saint Vincent and the Grenadines,Sint Maarten (Dutch part),Trinidad and Tobago,Turks and Caicos Islands,United States Virgin Islands,Belize,Costa Rica,El Salvador,Guatemala,Honduras,Mexico,Nicaragua,Panama,Argentina,Bolivia (Plurinational State of),Brazil,Chile,Colombia,Ecuador,Falkland Islands (Malvinas),French Guiana,Guyana,Paraguay,Peru,Suriname,Uruguay,Venezuela (Bolivarian Republic of),Bermuda,Canada,Greenland,Saint Pierre and Miquelon,United States of America
182,1990,Anguilla,,,,,,,,,,,,308.0,,,,220.0,,135.0,,426.0,,,,,,192.0,,,,,,,,,,,,,,,,,181.0,,,,,,,28.0,,,215.0
183,1990,Antigua and Barbuda,17.0,,7.0,5.0,204.0,4.0,66.0,,12.0,10.0,2442.0,621.0,115.0,46.0,11.0,386.0,5.0,844.0,30.0,469.0,392.0,478.0,8.0,356.0,4.0,295.0,8.0,,,,3.0,3.0,,,,,,,,,,4.0,1660.0,,,9.0,,11.0,9.0,218.0,,,1308.0
184,1990,Aruba,,,,,,53.0,,,,438.0,143.0,2042.0,294.0,,320.0,162.0,,,,,,225.0,125.0,,,,,,,,,,19.0,,,,,,1849.0,,,,107.0,,141.0,721.0,,1144.0,,,,,425.0
185,1990,Bahamas,,13.0,,,234.0,,5.0,9.0,48.0,,35.0,44.0,28.0,,10894.0,2792.0,,,,13.0,25.0,20.0,,278.0,2080.0,,31.0,10.0,5.0,7.0,7.0,21.0,9.0,17.0,8.0,,36.0,9.0,28.0,10.0,,,419.0,,43.0,,2.0,16.0,34.0,730.0,,,4247.0
186,1990,Barbados,,226.0,,55.0,,,,,0.0,,451.0,,565.0,,0.0,622.0,,,,0.0,3317.0,3676.0,,1750.0,,,0.0,,,,,,,,,,,,,,,,2557.0,,,0.0,,,0.0,668.0,,,1112.0
187,1990,"Bonaire, Sint Eustatius and Saba",168.0,321.0,4376.0,44.0,142.0,,0.0,,621.0,2367.0,1820.0,8195.0,5.0,61.0,4062.0,450.0,0.0,,23.0,2083.0,1.0,39.0,296.0,23.0,,52.0,,,,,,10.0,,,14.0,,,,787.0,,,2.0,389.0,,,2005.0,,454.0,,52.0,,,346.0
188,1990,British Virgin Islands,,388.0,,14.0,94.0,,,,,,619.0,748.0,,,,272.0,,108.0,32.0,1555.0,274.0,1046.0,,206.0,,,,,,,,,,,,,,,,,,,841.0,,,,,,,120.0,,,674.0
189,1990,Cayman Islands,,,,59.0,65.0,,,,234.0,4.0,,21.0,5.0,,6.0,3751.0,,,15.0,,3.0,10.0,,113.0,,,111.0,88.0,,,753.0,13.0,240.0,43.0,4.0,,22.0,,73.0,,,,61.0,,5.0,,,11.0,11.0,426.0,,,1632.0
190,1990,Cuba,,,,,,,,,,,,267.0,180.0,,2063.0,656.0,,,272.0,,,,,,,,,,,153.0,,889.0,595.0,184.0,373.0,128.0,,393.0,353.0,135.0,,,,,191.0,,,431.0,,135.0,195.0,,1186.0
191,1990,Curaçao,,0.0,,,,,,,,,,,,,,,,,,,,,,,,,,,,,,,,,,,,,,,,,,,,,,,,,,,
192,1990,Dominica,7.0,184.0,17.0,5.0,61.0,,31.0,,5.0,,,,,14.0,561.0,47.0,52.0,59.0,6.0,23.0,102.0,45.0,,111.0,,,,,,,,,,,,,,,,,,8.0,69.0,,,7.0,,11.0,,67.0,,,226.0
193,1990,Dominican Republic,139.0,266.0,330.0,91.0,,,12.0,,6824.0,,24.0,,,97.0,187210.0,421.0,51.0,,8767.0,76.0,,,,100.0,3.0,472.0,,1552.0,366.0,475.0,433.0,1737.0,415.0,699.0,2642.0,363.0,950.0,1891.0,4697.0,950.0,,,45.0,61.0,1991.0,103.0,1625.0,14235.0,9.0,3562.0,,38.0,9115.0
194,1990,Grenada,,22.0,,17.0,101.0,,8.0,,,,42.0,,,,,65.0,,6.0,,9.0,92.0,325.0,,1647.0,,7.0,,,,,,,,,,,,,,,,,324.0,,,,,43.0,,85.0,,,
195,1990,Guadeloupe,,,,,,,,,,,5560.0,3440.0,,,12028.0,,5803.0,,,,273.0,,,,,,,,,,,,,,,,35.0,,,,,732.0,56.0,,,3.0,,,,197.0,,,197.0
196,1990,Haiti,,,,,,,,,1203.0,,,2406.0,,,,,,,1546.0,,,,,,,,,274.0,,,,306.0,,,466.0,,,333.0,828.0,,,,,,351.0,,286.0,2510.0,,628.0,,,1607.0
197,1990,Jamaica,,120.0,,518.0,418.0,,,,1746.0,,107.0,,161.0,,,,,,,75.0,257.0,176.0,,1775.0,,,6.0,96.0,130.0,295.0,157.0,,121.0,73.0,,,,,,,,,,,,,,,,1140.0,,,4575.0
198,1990,Martinique,,,,,,,,,,,184.0,16.0,,3327.0,1109.0,,,,,,989.0,,,,,,,,,,,,,,,,16.0,,,,,1101.0,,,,,,,,,,,
199,1990,Montserrat,,172.0,,,,,,,,,412.0,37.0,,,,,,,,176.0,,45.0,,66.0,,,,,,,,,,,,,,,,,,,359.0,,,,,,,56.0,,,173.0
200,1990,Puerto Rico,,,,,,,,,19579.0,,2567.0,37207.0,,,295.0,84.0,,,,,,,,337.0,,936.0,,487.0,519.0,487.0,435.0,1907.0,460.0,1873.0,1234.0,109.0,185.0,924.0,3399.0,573.0,,,99.0,,703.0,,,1264.0,,231.0,,,227483.0
201,1990,Saint Kitts and Nevis,,175.0,,5.0,41.0,,106.0,,,,87.0,,24.0,,,62.0,,186.0,,,46.0,74.0,,115.0,,265.0,,,,,,,,,,,,,,,,,335.0,,,,,,,,,,
202,1990,Saint Lucia,16.0,49.0,8.0,6.0,324.0,,2.0,2.0,10.0,,96.0,20.0,67.0,19.0,,78.0,198.0,14.0,7.0,19.0,,182.0,,325.0,,9.0,1.0,,,2.0,,4.0,,12.0,,,5.0,,,,,127.0,821.0,,,18.0,,27.0,3.0,107.0,,,276.0
203,1990,Saint Vincent and the Grenadines,,51.0,,,303.0,175.0,,,,134.0,75.0,,377.0,,,111.0,,,,35.0,208.0,,87.0,837.0,,,,,,,,,,,,,,,,,,,209.0,,,,,,,143.0,,,291.0
204,1990,Sint Maarten (Dutch part),0.0,0.0,0.0,,0.0,0.0,0.0,,0.0,0.0,0.0,0.0,,0.0,0.0,0.0,0.0,,0.0,0.0,0.0,0.0,,0.0,,0.0,,,,,,,,,,,,,0.0,,,,0.0,,,0.0,,0.0,,0.0,,,0.0
205,1990,Trinidad and Tobago,,,,,2411.0,,,,40.0,,,,16589.0,,,811.0,,,,,1306.0,11629.0,,,,,,,,,,,,,,,,,,,,,5140.0,,,,,1337.0,,963.0,,,2430.0
206,1990,Turks and Caicos Islands,,,,840.0,,,,,,,,349.0,,,2430.0,,,,,,,,,,,,,,,,,,,,,,,,,,,,,,,,,,,162.0,,,454.0
207,1990,United States Virgin Islands,1113.0,4398.0,417.0,,289.0,330.0,2665.0,,,,3219.0,533.0,463.0,,188.0,260.0,,649.0,3974.0,5828.0,2533.0,432.0,,2475.0,,,,,,,,,,,,,,,,,,,,,,,,,,,,,14246.0
209,1990,Belize,,,,,,,,,,,,,,,35.0,445.0,,,,,,,,,,,,,6691.0,12650.0,2764.0,3025.0,,,,,,,,,,,,,,,,,,542.0,,,1901.0
210,1990,Costa Rica,,,29.0,10.0,8.0,,,8.0,4504.0,,3.0,553.0,7.0,,48.0,356.0,3.0,3.0,268.0,1.0,2.0,1.0,,26.0,,6.0,202.0,,56257.0,1977.0,2608.0,2081.0,99153.0,8692.0,1041.0,269.0,346.0,1490.0,4372.0,736.0,,6.0,20.0,58.0,2225.0,13.0,252.0,1030.0,5.0,810.0,7.0,1.0,8586.0
211,1990,El Salvador,,,,,64.0,,,,84.0,,,38.0,,,,16.0,,,109.0,,,,,,,,244.0,1558.0,,8235.0,15774.0,2457.0,3893.0,557.0,255.0,73.0,329.0,380.0,386.0,155.0,,,,36.0,246.0,,120.0,258.0,,508.0,,,8033.0
212,1990,Guatemala,,,,,,,,,275.0,,,59.0,,,26.0,,,,69.0,,,,,,,,543.0,758.0,236655.0,,4768.0,5402.0,3726.0,242.0,285.0,67.0,77.0,271.0,490.0,120.0,,13.0,,72.0,210.0,,95.0,113.0,,272.0,269.0,,5822.0
213,1990,Honduras,,,,,,,,68.0,464.0,,,103.0,,,34.0,20.0,,,98.0,,,,,,,,213.0,594.0,114810.0,3250.0,,795.0,142802.0,190.0,145.0,112.0,179.0,273.0,409.0,348.0,,,,27.0,291.0,,51.0,75.0,,264.0,,,2692.0
214,1990,Mexico,,,,,,,,,2660.0,,,522.0,,,475.0,116.0,,,1287.0,,,,,32.0,,,1415.0,2088.0,301106.0,72343.0,1990.0,,3096.0,25641.0,4340.0,1519.0,1682.0,2783.0,4660.0,719.0,,,,290.0,2981.0,,1113.0,1460.0,,3100.0,,,198230.0
215,1990,Nicaragua,,35.0,,23.0,,,,,896.0,,,65.0,,,25.0,39.0,,,54.0,,,,,,,,60.0,5959.0,12443.0,1134.0,10105.0,925.0,,442.0,185.0,47.0,138.0,144.0,298.0,98.0,,,,,221.0,,11.0,146.0,,185.0,,,3721.0
216,1990,Panama,,,,,137.0,,,,3267.0,61.0,12.0,1474.0,21.0,,122.0,942.0,,,253.0,,,,,64.0,,,64.0,3919.0,2396.0,376.0,638.0,1393.0,4553.0,,580.0,213.0,633.0,998.0,13968.0,1414.0,,,46.0,38.0,1781.0,,147.0,487.0,,140.0,,11.0,3318.0
218,1990,Argentina,,,1.0,,16.0,,,,1427.0,,9.0,265.0,25.0,,75.0,27.0,,,210.0,,,,,75.0,,,12.0,462.0,182.0,116.0,141.0,2332.0,145.0,376.0,,147234.0,34359.0,223528.0,2702.0,999.0,,,,257243.0,16366.0,11.0,136906.0,1981.0,,796.0,36.0,,9992.0
219,1990,Bolivia (Plurinational State of),,10.0,0.0,9.0,7.0,13.0,,,105.0,110.0,6.0,44.0,1.0,,6.0,5.0,,,33.0,1.0,,,32.0,4.0,,,991.0,102.0,57.0,146.0,232.0,8125.0,66.0,92.0,21923.0,,10558.0,4807.0,651.0,299.0,,0.0,1.0,1173.0,7138.0,1.0,402.0,369.0,0.0,1765.0,,0.0,3078.0
220,1990,Brazil,,,,,,,,,442.0,,,277.0,,,254.0,24.0,,,,,,,,,,,,388.0,405.0,53.0,280.0,792.0,329.0,974.0,28350.0,15996.0,,22243.0,2223.0,614.0,,742.0,1093.0,21394.0,5716.0,120.0,23363.0,1220.0,,970.0,,,11806.0
221,1990,Chile,8.0,13.0,50.0,1.0,23.0,,0.0,17.0,518.0,,8.0,124.0,7.0,2.0,36.0,14.0,5.0,10.0,121.0,13.0,5.0,0.0,,6.0,3.0,1.0,16.0,428.0,226.0,143.0,215.0,746.0,168.0,351.0,32696.0,7277.0,4332.0,,1554.0,2163.0,5.0,2.0,7.0,641.0,7052.0,8.0,1393.0,2349.0,21.0,1051.0,6.0,2.0,5650.0
222,1990,Colombia,39.0,37.0,283.0,,,,,,1296.0,83.0,46.0,361.0,,,100.0,96.0,,,432.0,,,,22.0,52.0,,,,691.0,297.0,264.0,265.0,1908.0,470.0,2073.0,2359.0,634.0,1728.0,1859.0,,11870.0,,,17.0,237.0,2896.0,,360.0,33123.0,,682.0,,,13478.0
223,1990,Ecuador,,,,16.0,,,,,998.0,,,118.0,,,32.0,13.0,,,167.0,,,,,15.0,,,,313.0,174.0,144.0,157.0,656.0,131.0,321.0,1669.0,509.0,968.0,5302.0,40238.0,,18.0,,,81.0,2567.0,,320.0,2549.0,,806.0,,,8595.0
224,1990,Falkland Islands (Malvinas),,,,,,,,,,,,,,,,,,,,,,,,,,,,,,,,,,,27.0,,,43.0,,,,,,,,,,,,,,,15.0
225,1990,French Guiana,,,,,,,,,,,443.0,,,2089.0,9605.0,,4570.0,,,,1722.0,,,,,,,,,,,,,,,,6204.0,,,,,,2242.0,,309.0,15289.0,,,,,,,
226,1990,Guyana,,5.0,,4.0,156.0,,,,,,13.0,,54.0,,,83.0,,,,,286.0,103.0,,189.0,,,,,,,,,,,,,485.0,,,,,,,,,1047.0,,478.0,,92.0,,,285.0
227,1990,Paraguay,,,,,,,,,,,,,,,,,,,,,,,,,,,,,,,,3059.0,,,50447.0,809.0,111355.0,2460.0,,,,,,,,,3293.0,,,1418.0,,,1582.0
228,1990,Peru,,,,,,,,,646.0,,,128.0,,,34.0,,,,97.0,,,16.0,,,,,,240.0,76.0,115.0,118.0,1067.0,114.0,246.0,8122.0,4094.0,3476.0,5138.0,4247.0,2855.0,,24.0,,389.0,,,437.0,2316.0,,875.0,,,7050.0
229,1990,Suriname,,,,,,,,,,,,,,,,,,,,,,,,,,,,,,,,,,,,,2100.0,,,,,,5114.0,,,,,,,,,,
230,1990,Uruguay,,,,,,,,,,,,,,,,,,,,,,,,,,,,,,,,719.0,,,14559.0,,10581.0,1161.0,,,,,,1241.0,555.0,,,773.0,,427.0,,,1525.0
231,1990,Venezuela (Bolivarian Republic of),,,430.0,,241.0,907.0,,,11559.0,,200.0,18280.0,436.0,,2013.0,220.0,38.0,,912.0,,65.0,107.0,,3611.0,,,18.0,1661.0,1017.0,579.0,437.0,2886.0,2526.0,1470.0,9483.0,2224.0,4323.0,22198.0,555578.0,24600.0,,26.0,4601.0,359.0,29635.0,106.0,6076.0,,,981.0,,,11639.0
233,1990,Bermuda,,,,,,,,,11.0,,,9.0,,,1028.0,316.0,,,,,,,,34.0,158.0,,,,,,,,,,,,,,,,,,51.0,,,,,,,2295.0,,,3468.0
234,1990,Canada,106.0,1900.0,523.0,1061.0,14225.0,,72.0,96.0,1737.0,,1449.0,2668.0,4543.0,125.0,38271.0,98288.0,288.0,384.0,182.0,1464.0,1713.0,4357.0,,47386.0,38.0,34.0,935.0,1304.0,27145.0,8559.0,2202.0,18610.0,6199.0,1118.0,10660.0,1545.0,7028.0,21945.0,7547.0,7685.0,24.0,48.0,63381.0,4702.0,11010.0,513.0,5033.0,3339.0,1674.0,,14.0,422.0,238998.0
235,1990,Greenland,,,,,,,,,,,,,,,,,,,,,,,,,,,,,,,,,,,,,,,,,,,,,,,,,,13.0,,,30.0
236,1990,Saint Pierre and Miquelon,,,,,,,,,,,,,,,,,,,,,,,,,,,,,,,,,,,,,,,,,,,,,,,,,,205.0,,,72.0
237,1990,United States of America,,12022.0,3363.0,21633.0,43015.0,,,,736971.0,,19529.0,347858.0,17730.0,,225393.0,334140.0,,3493.0,1180383.0,7447.0,6959.0,12824.0,,115710.0,,,29957.0,43530.0,465433.0,225739.0,108923.0,4298014.0,168659.0,85737.0,92563.0,31303.0,82489.0,55681.0,286124.0,143314.0,,,120698.0,6057.0,144199.0,2860.0,20766.0,42119.0,7972.0,744830.0,,,
182,1995,Anguilla,,,,,,,,,,,,415.0,,,,292.0,,180.0,,540.0,,,,,,261.0,,,,,,,,,,,,,,,,,245.0,,,,,,,61.0,,,310.0
183,1995,Antigua and Barbuda,25.0,,6.0,4.0,226.0,7.0,73.0,,15.0,13.0,3170.0,1044.0,137.0,54.0,19.0,1832.0,5.0,890.0,37.0,430.0,474.0,616.0,14.0,474.0,5.0,440.0,10.0,,,,5.0,4.0,,,,,,,,,,4.0,3489.0,,,23.0,,22.0,10.0,287.0,,,1733.0
184,1995,Aruba,,,,,,133.0,,,,1095.0,134.0,2829.0,285.0,,660.0,439.0,,,,,,178.0,313.0,,,,,,,,,,48.0,,,,,,4446.0,,,,202.0,,540.0,997.0,,2000.0,,,,,553.0
185,1995,Bahamas,,10.0,,,171.0,,8.0,9.0,79.0,,41.0,64.0,27.0,,15759.0,3282.0,,,,12.0,41.0,21.0,,299.0,1284.0,,22.0,38.0,4.0,8.0,10.0,51.0,8.0,15.0,8.0,,41.0,8.0,30.0,12.0,,,550.0,,41.0,,2.0,20.0,23.0,1040.0,,,4294.0
186,1995,Barbados,,246.0,,59.0,,,,,0.0,,492.0,,616.0,,0.0,679.0,,,,0.0,3621.0,4014.0,,1910.0,,,0.0,,,,,,,,,,,,,,,,2792.0,,,0.0,,,0.0,729.0,,,1213.0
187,1995,"Bonaire, Sint Eustatius and Saba",351.0,669.0,3739.0,91.0,296.0,,874.0,,1295.0,2310.0,960.0,8267.0,10.0,127.0,3574.0,938.0,96.0,,48.0,1312.0,1.0,80.0,289.0,48.0,,108.0,,,,,,21.0,,,28.0,,,,1641.0,,,4.0,812.0,,,2167.0,,947.0,,108.0,,,722.0
188,1995,British Virgin Islands,,456.0,,16.0,111.0,,,,,,728.0,879.0,,,,320.0,,127.0,38.0,1828.0,323.0,1230.0,,243.0,,,,,,,,,,,,,,,,,,,989.0,,,,,,,142.0,,,792.0
189,1995,Cayman Islands,,,,125.0,137.0,,,,495.0,9.0,,45.0,11.0,,13.0,5602.0,,,32.0,,7.0,21.0,,239.0,,,236.0,187.0,,,767.0,28.0,507.0,92.0,9.0,,48.0,,154.0,,,,130.0,,10.0,,,24.0,23.0,912.0,,,1743.0
190,1995,Cuba,,,,,,,,,,,,203.0,137.0,,1564.0,497.0,,,206.0,,,,,,,,,,,116.0,,674.0,451.0,140.0,283.0,97.0,,298.0,268.0,102.0,,,,,145.0,,,327.0,,102.0,148.0,,899.0
191,1995,Curaçao,,0.0,,,,,,,,,,,,,,,,,,,,,,,,,,,,,,,,,,,,,,,,,,,,,,,,,,,
192,1995,Dominica,9.0,243.0,22.0,6.0,80.0,,41.0,,6.0,,,,,19.0,732.0,62.0,69.0,78.0,8.0,30.0,135.0,60.0,,147.0,,,,,,,,,,,,,,,,,,11.0,91.0,,,9.0,,14.0,,88.0,,,299.0
193,1995,Dominican Republic,155.0,296.0,367.0,101.0,,,14.0,,7580.0,,27.0,,,108.0,207931.0,468.0,57.0,,9738.0,85.0,,,,111.0,4.0,524.0,,1724.0,407.0,528.0,481.0,1930.0,461.0,777.0,2935.0,403.0,1055.0,2101.0,5217.0,1055.0,,,50.0,68.0,2212.0,115.0,1805.0,15811.0,10.0,3957.0,,43.0,10124.0
194,1995,Grenada,,28.0,,22.0,131.0,,10.0,,,,54.0,,,,,85.0,,7.0,,11.0,119.0,333.0,,1813.0,,321.0,,,,,,,,,,,,,,,,,316.0,,,,,175.0,,145.0,,,
195,1995,Guadeloupe,,,,,,,,,,,5604.0,2517.0,,,10272.0,,6985.0,,,,274.0,,,,,,,,,,,,,,,,39.0,,,,,881.0,91.0,,,14.0,,,,263.0,,,263.0
196,1995,Haiti,,,,,,,,,1416.0,,,2832.0,,,,,,,1819.0,,,,,,,,,322.0,,,,361.0,,,548.0,,,392.0,975.0,,,,,,413.0,,337.0,2954.0,,739.0,,,1891.0
197,1995,Jamaica,,143.0,,616.0,497.0,,,,1837.0,,128.0,,192.0,,,,,,,89.0,305.0,209.0,,2126.0,,,7.0,101.0,137.0,311.0,165.0,,128.0,77.0,,,,,,,,,,,,,,,,1277.0,,,5615.0
198,1995,Martinique,,,,,,,,,,,279.0,69.0,,4074.0,1335.0,,,,,,1390.0,,,,,,,,,,,,,,,,41.0,,,,,1348.0,,,,,,,,,,,
199,1995,Montserrat,,138.0,,,,,,,,,331.0,29.0,,,,,,,,141.0,,35.0,,52.0,,,,,,,,,,,,,,,,,,,288.0,,,,,,,44.0,,,138.0
200,1995,Puerto Rico,,,,,,,,,19293.0,,2575.0,49325.0,,,310.0,88.0,,,,,,,,357.0,,939.0,,531.0,504.0,515.0,446.0,2302.0,483.0,1661.0,1245.0,115.0,195.0,879.0,3601.0,675.0,,,104.0,,916.0,,,1617.0,,244.0,,,230426.0
201,1995,Saint Kitts and Nevis,,231.0,,8.0,56.0,,140.0,,,,115.0,,34.0,,,82.0,,246.0,,,60.0,97.0,,152.0,,350.0,,,,,,,,,,,,,,,,,443.0,,,,,,,,,,
202,1995,Saint Lucia,21.0,65.0,10.0,7.0,437.0,,2.0,2.0,13.0,,129.0,26.0,90.0,25.0,,105.0,267.0,18.0,9.0,25.0,,245.0,,438.0,,11.0,0.0,,,2.0,,5.0,,16.0,,,6.0,,,,,171.0,1108.0,,,24.0,,35.0,3.0,143.0,,,372.0
203,1995,Saint Vincent and the Grenadines,,53.0,,,315.0,182.0,,,,139.0,78.0,,392.0,,,115.0,,,,36.0,216.0,,90.0,871.0,,,,,,,,,,,,,,,,,,,217.0,,,,,,,148.0,,,303.0
204,1995,Sint Maarten (Dutch part),0.0,0.0,0.0,,0.0,0.0,0.0,,0.0,0.0,0.0,0.0,,0.0,0.0,0.0,0.0,,0.0,0.0,0.0,0.0,,0.0,,0.0,,,,,,,,,,,,,0.0,,,,0.0,,,0.0,,0.0,,0.0,,,0.0
205,1995,Trinidad and Tobago,,,,,2188.0,,,,36.0,,,,15066.0,,,736.0,,,,,1185.0,10556.0,,,,,,,,,,,,,,,,,,,,,4666.0,,,,,1213.0,,874.0,,,2205.0
206,1995,Turks and Caicos Islands,,,,649.0,,,,,,,,520.0,,,3567.0,,,,,,,,,,,,,,,,,,,,,,,,,,,,,,,,,,,284.0,,,565.0
207,1995,United States Virgin Islands,1106.0,4610.0,468.0,,324.0,370.0,2693.0,,,,4060.0,1861.0,520.0,,346.0,305.0,,728.0,4141.0,6435.0,2990.0,485.0,,2300.0,,,,,,,,,,,,,,,,,,,,,,,,,,,,,14965.0
209,1995,Belize,,,,,,,,,,,,,,,37.0,424.0,,,,,,,,,,,,,6661.0,14350.0,4100.0,2782.0,,,,,,,,,,,,,,,,,,515.0,,,1908.0
210,1995,Costa Rica,,,22.0,8.0,6.0,,,6.0,3558.0,,3.0,556.0,5.0,,41.0,209.0,2.0,2.0,216.0,1.0,1.0,1.0,,21.0,,4.0,123.0,,26046.0,1602.0,2241.0,1778.0,131695.0,7652.0,864.0,220.0,304.0,1127.0,4147.0,683.0,,6.0,16.0,48.0,2045.0,11.0,196.0,834.0,5.0,754.0,5.0,1.0,7301.0
211,1995,El Salvador,,,,,50.0,,,,82.0,,,41.0,,,,13.0,,,84.0,,,,,,,,231.0,1188.0,,7224.0,12650.0,1948.0,4219.0,456.0,211.0,59.0,264.0,294.0,375.0,126.0,,,,26.0,209.0,,94.0,219.0,,379.0,,,6306.0
212,1995,Guatemala,,,,,,,,,347.0,,,64.0,,,18.0,,,,67.0,,,,,,,,561.0,746.0,124346.0,,5032.0,8236.0,4565.0,216.0,318.0,77.0,114.0,231.0,610.0,113.0,,13.0,,55.0,249.0,,92.0,144.0,,262.0,261.0,,5639.0
213,1995,Honduras,,,,,,,,68.0,460.0,,,102.0,,,34.0,20.0,,,97.0,,,,,,,,242.0,617.0,60692.0,3336.0,,980.0,74273.0,243.0,144.0,111.0,178.0,252.0,527.0,345.0,,,,27.0,288.0,,51.0,74.0,,262.0,,,3877.0
214,1995,Mexico,,,,,,,,,4858.0,,,842.0,,,395.0,115.0,,,1888.0,,,,,35.0,,,1474.0,2571.0,4931.0,49676.0,3031.0,,3324.0,13722.0,5366.0,1725.0,2482.0,4144.0,5530.0,1222.0,,,,302.0,4140.0,,1506.0,2194.0,,5063.0,,,272472.0
215,1995,Nicaragua,,28.0,,19.0,,,,,711.0,,,52.0,,,20.0,31.0,,,43.0,,,,,,,,48.0,4727.0,2136.0,900.0,9473.0,734.0,,351.0,147.0,38.0,110.0,115.0,237.0,78.0,,,,,176.0,,9.0,116.0,,147.0,,,2952.0
216,1995,Panama,,,,,88.0,,,,2396.0,88.0,17.0,3554.0,11.0,,204.0,724.0,,,285.0,,,,,53.0,,,72.0,4155.0,2146.0,473.0,715.0,1810.0,4593.0,,667.0,194.0,695.0,997.0,17179.0,1604.0,,,38.0,35.0,2170.0,,199.0,715.0,,280.0,,15.0,4134.0
218,1995,Argentina,,,1.0,,16.0,,,,1873.0,,9.0,849.0,24.0,,80.0,26.0,,,184.0,,,,,73.0,,,12.0,359.0,169.0,158.0,140.0,2686.0,167.0,357.0,,186685.0,33642.0,214736.0,3162.0,1501.0,,,,286164.0,50888.0,11.0,125366.0,2290.0,,953.0,35.0,,9678.0
219,1995,Bolivia (Plurinational State of),,5.0,2.0,5.0,4.0,17.0,,,311.0,138.0,3.0,22.0,2.0,,7.0,4.0,,,37.0,1.0,,,39.0,9.0,,,962.0,122.0,82.0,144.0,216.0,8770.0,76.0,95.0,25141.0,,12746.0,4622.0,1002.0,521.0,,1.0,4.0,2216.0,8306.0,1.0,430.0,458.0,1.0,1728.0,,0.0,3385.0
220,1995,Brazil,,,,,,,,,894.0,,,190.0,,,135.0,41.0,,,,,,,,,,,,314.0,443.0,106.0,208.0,1027.0,415.0,767.0,27974.0,18217.0,,19708.0,3196.0,903.0,,683.0,1350.0,25143.0,8278.0,177.0,24081.0,1694.0,,1113.0,,,12894.0
221,1995,Chile,12.0,13.0,27.0,1.0,14.0,,0.0,9.0,1751.0,,18.0,198.0,6.0,5.0,41.0,18.0,5.0,6.0,151.0,13.0,33.0,3.0,,8.0,3.0,1.0,9.0,442.0,227.0,182.0,225.0,1223.0,201.0,428.0,39233.0,8923.0,5609.0,,2734.0,5510.0,4.0,2.0,11.0,920.0,21256.0,5.0,1816.0,3148.0,13.0,1430.0,6.0,2.0,6767.0
222,1995,Colombia,38.0,36.0,276.0,,,,,,1375.0,81.0,45.0,350.0,,,100.0,81.0,,,444.0,,,,21.0,46.0,,,,757.0,306.0,305.0,276.0,2072.0,475.0,1966.0,2471.0,653.0,1809.0,1810.0,,11917.0,,,17.0,219.0,3342.0,,362.0,35162.0,,731.0,,,14273.0
223,1995,Ecuador,,,,18.0,,,,,1120.0,,,133.0,,,36.0,15.0,,,188.0,,,,,17.0,,,,351.0,196.0,162.0,176.0,797.0,147.0,361.0,1954.0,572.0,1035.0,5002.0,55897.0,,20.0,,,91.0,4125.0,,359.0,3120.0,,889.0,,,9854.0
224,1995,Falkland Islands (Malvinas),,,,,,,,,,,,,,,,,,,,,,,,,,,,,,,,,,,36.0,,,42.0,,,,,,,,,,,,,,,20.0
225,1995,French Guiana,,,,,,,,,,,493.0,,,2180.0,11381.0,,4771.0,,,,1565.0,,,,,,,,,,,,,,,,7022.0,,,,,,2469.0,,344.0,15381.0,,,,,,,
226,1995,Guyana,,8.0,,6.0,186.0,,,,,,19.0,,81.0,,,124.0,,,,,275.0,154.0,,310.0,,,,,,,,,,,,,780.0,,,,,,,,,1681.0,,768.0,,147.0,,,459.0
227,1995,Paraguay,,,,,,,,,,,,,,,,,,,,,,,,,,,,,,,,2440.0,,,57525.0,976.0,97450.0,2425.0,,,,,,,,,3303.0,,,1999.0,,,1684.0
228,1995,Peru,,,,,,,,,564.0,,,112.0,,,30.0,,,,85.0,,,14.0,,,,,,210.0,67.0,101.0,103.0,931.0,100.0,215.0,7087.0,3572.0,3033.0,4483.0,3706.0,2491.0,,21.0,,340.0,,,382.0,2021.0,,764.0,,,6151.0
229,1995,Suriname,,,,,,,,,,,,,,,,,,,,,,,,,,,,,,,,,,,,,2594.0,,,,,,6317.0,,,,,,,,,,
230,1995,Uruguay,,,,,,,,,,,,,,,,,,,,,,,,,,,,,,,,657.0,,,17970.0,,11084.0,1299.0,,,,,,1199.0,240.0,,,713.0,,389.0,,,1036.0
231,1995,Venezuela (Bolivarian Republic of),,,424.0,,142.0,895.0,,,10603.0,,40.0,16240.0,321.0,,1824.0,167.0,37.0,,701.0,,40.0,105.0,,3174.0,,,17.0,1405.0,965.0,501.0,369.0,3012.0,2193.0,1203.0,9138.0,2031.0,4590.0,18675.0,588323.0,26835.0,,25.0,5577.0,294.0,32973.0,80.0,5364.0,,,977.0,,,10925.0
233,1995,Bermuda,,,,,,,,,15.0,,,11.0,,,1160.0,374.0,,,,,,,,41.0,136.0,,,,,,,,,,,,,,,,,,61.0,,,,,,,2437.0,,,3454.0
234,1995,Canada,121.0,2082.0,555.0,1153.0,14373.0,,94.0,91.0,3462.0,,2099.0,3841.0,6638.0,233.0,45292.0,108174.0,284.0,491.0,217.0,1944.0,2435.0,6477.0,,55297.0,24.0,34.0,1145.0,1894.0,32598.0,11127.0,3293.0,30113.0,7730.0,1785.0,12036.0,1948.0,10058.0,23182.0,12595.0,9362.0,27.0,48.0,72507.0,4780.0,14301.0,664.0,5570.0,5582.0,1772.0,,39.0,392.0,244567.0
235,1995,Greenland,,,,,,,,,,,,,,,,,,,,,,,,,,,,,,,,,,,,,,,,,,,,,,,,,,11.0,,,27.0
236,1995,Saint Pierre and Miquelon,,,,,,,,,,,,,,,,,,,,,,,,,,,,,,,,,,,,,,,,,,,,,,,,,,215.0,,,87.0
237,1995,United States of America,,14869.0,3516.0,24356.0,46640.0,,,,788723.0,,17231.0,507397.0,23030.0,,315898.0,435091.0,,3624.0,1338464.0,9065.0,10036.0,16075.0,,153418.0,,,34351.0,56544.0,628538.0,346127.0,191964.0,6602801.0,190601.0,93545.0,106709.0,41443.0,144505.0,66875.0,390026.0,216544.0,,,162619.0,8837.0,206962.0,4134.0,22443.0,73081.0,8011.0,767121.0,,,
182,2000,Anguilla,,,,,,,,,,,,521.0,,,,363.0,,224.0,,654.0,,,,,,330.0,,,,,,,,,,,,,,,,,309.0,,,,,,,94.0,,,404.0
183,2000,Antigua and Barbuda,32.0,,4.0,2.0,248.0,9.0,80.0,,17.0,16.0,3898.0,1466.0,158.0,62.0,27.0,3278.0,4.0,935.0,44.0,391.0,556.0,754.0,19.0,591.0,5.0,584.0,11.0,,,,6.0,4.0,,,,,,,,,,4.0,5317.0,,,37.0,,32.0,11.0,356.0,,,2157.0
184,2000,Aruba,,,,,,212.0,,,,1751.0,125.0,3615.0,276.0,,1000.0,715.0,,,,,,131.0,500.0,,,,,,,,,,77.0,,,,,,7043.0,,,,297.0,,939.0,1273.0,,2856.0,,,,,681.0
185,2000,Bahamas,,8.0,,,108.0,,12.0,9.0,110.0,,47.0,84.0,26.0,,20628.0,3773.0,,,,12.0,57.0,22.0,,321.0,488.0,,13.0,66.0,4.0,9.0,13.0,82.0,7.0,14.0,9.0,,47.0,8.0,33.0,15.0,,,682.0,,39.0,,2.0,24.0,13.0,1351.0,,,4300.0
186,2000,Barbados,,267.0,,64.0,,,,,0.0,,534.0,,668.0,,0.0,736.0,,,,0.0,3924.0,4350.0,,2070.0,,,0.0,,,,,,,,,,,,,,,,3026.0,,,0.0,,,0.0,791.0,,,1315.0
187,2000,"Bonaire, Sint Eustatius and Saba",534.0,1018.0,3103.0,139.0,451.0,,1748.0,,1970.0,2253.0,101.0,8340.0,15.0,193.0,3086.0,1426.0,193.0,,73.0,541.0,2.0,122.0,282.0,74.0,,164.0,,,,,,32.0,,,43.0,,,,2495.0,,,6.0,1235.0,,,2305.0,,1441.0,,164.0,,,1098.0
188,2000,British Virgin Islands,,524.0,,18.0,127.0,,,,,,836.0,1010.0,,,,368.0,,146.0,44.0,2100.0,371.0,1414.0,,279.0,,,,,,,,,,,,,,,,,,,1136.0,,,,,,,163.0,,,910.0
189,2000,Cayman Islands,,,,191.0,210.0,,,,757.0,14.0,,69.0,18.0,,20.0,7454.0,,,50.0,,12.0,33.0,,365.0,,,361.0,286.0,,,781.0,43.0,774.0,141.0,14.0,,74.0,,236.0,,,,199.0,,16.0,,,38.0,35.0,1399.0,,,1829.0
190,2000,Cuba,,,,,,,,,,,,138.0,93.0,,1065.0,338.0,,,140.0,,,,,,,,,,,79.0,,459.0,307.0,95.0,192.0,66.0,,203.0,182.0,69.0,,,,,98.0,,,222.0,,69.0,101.0,,612.0
191,2000,Curaçao,,0.0,,,,,,,,,,,,,,,,,,,,,,,,,,,,,,,,,,,,,,,,,,,,,,,,,,,
192,2000,Dominica,11.0,290.0,26.0,7.0,95.0,,49.0,,7.0,,,,,23.0,873.0,74.0,82.0,93.0,10.0,36.0,161.0,72.0,,175.0,,,,,,,,,,,,,,,,,,13.0,108.0,,,11.0,,17.0,,105.0,,,356.0
193,2000,Dominican Republic,170.0,325.0,403.0,111.0,,,15.0,,8335.0,,29.0,,,118.0,228652.0,514.0,62.0,,10708.0,93.0,,,,122.0,4.0,576.0,,1896.0,447.0,580.0,529.0,2122.0,507.0,854.0,3227.0,443.0,1160.0,2310.0,5737.0,1160.0,,,55.0,75.0,2432.0,126.0,1985.0,17386.0,11.0,4351.0,,48.0,11133.0
194,2000,Grenada,,35.0,,27.0,161.0,,13.0,,,,67.0,,,,,105.0,,9.0,,14.0,147.0,341.0,,1980.0,,635.0,,,,,,,,,,,,,,,,,308.0,,,,,308.0,,205.0,,,
195,2000,Guadeloupe,,,,,,,,,,,5648.0,1593.0,,,8515.0,,8167.0,,,,274.0,,,,,,,,,,,,,,,,42.0,,,,,1030.0,125.0,,,24.0,,,,329.0,,,329.0
196,2000,Haiti,,,,,,,,,1628.0,,,3257.0,,,,,,,2092.0,,,,,,,,,370.0,,,,415.0,,,630.0,,,451.0,1121.0,,,,,,475.0,,388.0,3397.0,,850.0,,,2175.0
197,2000,Jamaica,,165.0,,713.0,575.0,,,,1928.0,,148.0,,222.0,,,,,,,103.0,353.0,242.0,,2476.0,,,7.0,106.0,143.0,326.0,173.0,,134.0,80.0,,,,,,,,,,,,,,,,1414.0,,,6668.0
198,2000,Martinique,,,,,,,,,,,374.0,122.0,,4821.0,1562.0,,,,,,1792.0,,,,,,,,,,,,,,,,67.0,,,,,1596.0,,,,,,,,,,,
199,2000,Montserrat,,104.0,,,,,,,,,250.0,22.0,,,,,,,,107.0,,26.0,,39.0,,,,,,,,,,,,,,,,,,,218.0,,,,,,,33.0,,,104.0
200,2000,Puerto Rico,,,,,,,,,19054.0,,2591.0,61563.0,,,327.0,94.0,,,,,,,,378.0,,945.0,,577.0,492.0,546.0,460.0,2703.0,509.0,1454.0,1259.0,122.0,207.0,837.0,3813.0,780.0,,,110.0,,1132.0,,,1974.0,,259.0,,,233924.0
201,2000,Saint Kitts and Nevis,,319.0,,11.0,79.0,,193.0,,,,158.0,,46.0,,,116.0,,339.0,,,82.0,136.0,,210.0,,483.0,,,,,,,,,,,,,,,,,612.0,,,,,,,,,,
202,2000,Saint Lucia,29.0,90.0,14.0,10.0,600.0,,4.0,4.0,18.0,,177.0,37.0,124.0,34.0,,144.0,367.0,25.0,13.0,34.0,,336.0,,602.0,,16.0,1.0,,,4.0,,8.0,,22.0,,,9.0,,,,,235.0,1522.0,,,33.0,,49.0,5.0,197.0,,,511.0
203,2000,Saint Vincent and the Grenadines,,55.0,,,328.0,189.0,,,,144.0,81.0,,408.0,,,119.0,,,,37.0,224.0,,98.0,907.0,,,,,,,,,,,,,,,,,,,226.0,,,,,,,154.0,,,318.0
204,2000,Sint Maarten (Dutch part),0.0,0.0,0.0,,0.0,0.0,0.0,,0.0,0.0,0.0,0.0,,0.0,0.0,0.0,0.0,,0.0,0.0,0.0,0.0,,0.0,,0.0,,,,,,,,,,,,,0.0,,,,0.0,,,0.0,,0.0,,0.0,,,0.0
205,2000,Trinidad and Tobago,,,,,1573.0,,,,40.0,,,,11148.0,,,798.0,,,,,976.0,8384.0,,,,,,,,,,,,,,,,,,,,,5264.0,,,,,1413.0,,947.0,,,3501.0
206,2000,Turks and Caicos Islands,,,,459.0,,,,,,,,692.0,,,4699.0,,,,,,,,,,,,,,,,,,,,,,,,,,,,,,,,,,,406.0,,,676.0
207,2000,United States Virgin Islands,1103.0,4832.0,520.0,,361.0,412.0,2727.0,,,,4909.0,3194.0,578.0,,506.0,352.0,,810.0,4316.0,7054.0,3454.0,539.0,,2130.0,,,,,,,,,,,,,,,,,,,,,,,,,,,,,15712.0
209,2000,Belize,,,,,,,,,,,,,,,38.0,403.0,,,,,,,,,,,,,6631.0,16058.0,5436.0,2539.0,,,,,,,,,,,,,,,,,,487.0,,,1914.0
210,2000,Costa Rica,,,25.0,9.0,8.0,,,6.0,4391.0,,4.0,838.0,6.0,,54.0,166.0,3.0,3.0,272.0,1.0,1.0,1.0,,27.0,,5.0,106.0,,8857.0,2029.0,2994.0,2365.0,230085.0,10438.0,1120.0,282.0,415.0,1327.0,5995.0,971.0,,9.0,21.0,63.0,2887.0,15.0,239.0,1054.0,8.0,1074.0,6.0,1.0,9667.0
211,2000,El Salvador,,,,,35.0,,,,80.0,,,43.0,,,,9.0,,,58.0,,,,,,,,218.0,818.0,,6212.0,9525.0,1438.0,4545.0,354.0,166.0,44.0,198.0,207.0,363.0,97.0,,,,15.0,172.0,,67.0,179.0,,249.0,,,4603.0
212,2000,Guatemala,,,,,,,,,418.0,,,68.0,,,10.0,,,,65.0,,,,,,,,579.0,734.0,12037.0,,5295.0,11070.0,5404.0,190.0,350.0,86.0,151.0,191.0,730.0,105.0,,13.0,,38.0,288.0,,89.0,175.0,,251.0,252.0,,5456.0
213,2000,Honduras,,,,,,,,67.0,455.0,,,101.0,,,33.0,20.0,,,96.0,,,,,,,,271.0,639.0,6574.0,3421.0,,1164.0,5768.0,296.0,142.0,110.0,176.0,230.0,644.0,342.0,,,,26.0,285.0,,50.0,73.0,,259.0,,,5061.0
214,2000,Mexico,,,,,,,,,7267.0,,,1199.0,,,334.0,121.0,,,2572.0,,,,,41.0,,,1597.0,3166.0,5786.0,29156.0,4203.0,,3696.0,2396.0,6625.0,2007.0,3391.0,5685.0,6639.0,1778.0,,,,329.0,5479.0,,1966.0,3024.0,,7245.0,,,358399.0
215,2000,Nicaragua,,65.0,,45.0,,,,,754.0,,,55.0,,,20.0,24.0,,,46.0,,,,,,,,34.0,6948.0,2102.0,1199.0,10017.0,725.0,,347.0,188.0,46.0,107.0,111.0,309.0,86.0,,,,,185.0,,21.0,125.0,,180.0,,,3006.0
216,2000,Panama,,,,,46.0,,,,1676.0,122.0,24.0,5859.0,2.0,,300.0,553.0,,,335.0,,,,,46.0,,,86.0,4654.0,2032.0,600.0,838.0,2341.0,4923.0,,796.0,189.0,802.0,1060.0,21473.0,1896.0,,,33.0,35.0,2697.0,,264.0,989.0,,438.0,,22.0,5212.0
218,2000,Argentina,,,1.0,,16.0,,,,2319.0,,9.0,1434.0,23.0,,86.0,25.0,,,159.0,,,,,71.0,,,12.0,257.0,156.0,201.0,139.0,3040.0,190.0,338.0,,226137.0,32925.0,205945.0,3622.0,2004.0,,,,315086.0,85411.0,11.0,113827.0,2600.0,,1110.0,34.0,,9364.0
219,2000,Bolivia (Plurinational State of),,0.0,4.0,0.0,0.0,33.0,,,513.0,275.0,0.0,0.0,2.0,,7.0,2.0,,,41.0,0.0,,,79.0,14.0,,,922.0,141.0,107.0,141.0,197.0,9323.0,85.0,97.0,28095.0,,14801.0,4388.0,1342.0,738.0,,2.0,7.0,3236.0,9386.0,1.0,453.0,543.0,1.0,1672.0,,0.0,3656.0
220,2000,Brazil,,,,,,,,,1346.0,,,102.0,,,15.0,57.0,,,,,,,,,,,,239.0,481.0,158.0,136.0,1261.0,501.0,559.0,27597.0,20437.0,,17172.0,4169.0,1191.0,,624.0,1607.0,28891.0,10840.0,233.0,24799.0,2167.0,,1256.0,,,13981.0
221,2000,Chile,15.0,12.0,4.0,1.0,4.0,,0.0,1.0,2984.0,,27.0,271.0,5.0,7.0,45.0,21.0,5.0,1.0,181.0,12.0,60.0,5.0,,10.0,2.0,1.0,2.0,455.0,228.0,220.0,234.0,1700.0,234.0,504.0,45770.0,10568.0,6886.0,,3913.0,8857.0,2.0,2.0,15.0,1198.0,35460.0,2.0,2238.0,4044.0,5.0,1809.0,5.0,2.0,7884.0
222,2000,Colombia,37.0,35.0,268.0,,,,,,1454.0,79.0,43.0,338.0,,,99.0,66.0,,,455.0,,,,20.0,39.0,,,,822.0,315.0,346.0,286.0,2236.0,479.0,1858.0,2582.0,671.0,1889.0,1761.0,,11964.0,,,16.0,201.0,3788.0,,364.0,37200.0,,780.0,,,15068.0
223,2000,Ecuador,,,,20.0,,,,,1242.0,,,147.0,,,40.0,16.0,,,208.0,,,,,19.0,,,,389.0,217.0,179.0,195.0,937.0,163.0,400.0,2239.0,634.0,1101.0,4702.0,71556.0,,22.0,,,101.0,5682.0,,398.0,3691.0,,971.0,,,11112.0
224,2000,Falkland Islands (Malvinas),,,,,,,,,,,,,,,,,,,,,,,,,,,,,,,,,,,39.0,,,65.0,,,,,,,,,,,,,,,21.0
225,2000,French Guiana,,,,,,,,,,,542.0,,,2271.0,13157.0,,4971.0,,,,1408.0,,,,,,,,,,,,,,,,7840.0,,,,,,2696.0,,379.0,15472.0,,,,,,,
226,2000,Guyana,,10.0,,8.0,216.0,,,,,,25.0,,108.0,,,165.0,,,,,264.0,205.0,,430.0,,,,,,,,,,,,,1074.0,,,,,,,,,2314.0,,1057.0,,202.0,,,632.0
227,2000,Paraguay,,,,,,,,,,,,,,,,,,,,,,,,,,,,,,,,1813.0,,,64404.0,1140.0,83208.0,2382.0,,,,,,,,,3303.0,,,2575.0,,,1781.0
228,2000,Peru,,,,,,,,,660.0,,,132.0,,,36.0,,,,100.0,,,17.0,,,,,,246.0,79.0,119.0,121.0,1088.0,117.0,252.0,8282.0,4174.0,3545.0,5239.0,4331.0,2911.0,,25.0,,398.0,,,447.0,2362.0,,893.0,,,7188.0
229,2000,Suriname,,,,,,,,,,,,,,,,,,,,,,,,,,,,,,,,,,,,,3204.0,,,,,,7802.0,,,,,,,,,,
230,2000,Uruguay,,,,,,,,,,,,,,,,,,,,,,,,,,,,,,,,602.0,,,21691.0,,11507.0,1455.0,,,,,,1160.0,104.0,,,659.0,,355.0,,,705.0
231,2000,Venezuela (Bolivarian Republic of),,,415.0,,83.0,876.0,,,9928.0,,8.0,14293.0,235.0,,1689.0,126.0,36.0,,534.0,,25.0,103.0,,2765.0,,,17.0,1178.0,908.0,433.0,309.0,3115.0,1934.0,976.0,8724.0,1838.0,4828.0,15733.0,617182.0,28999.0,,25.0,6698.0,239.0,36348.0,61.0,4692.0,,,964.0,,,10159.0
233,2000,Bermuda,,,,,,,,,18.0,,,13.0,,,1291.0,432.0,,,,,,,,47.0,113.0,,,,,,,,,,,,,,,,,,71.0,,,,,,,2579.0,,,3439.0
234,2000,Canada,139.0,2313.0,600.0,1273.0,14862.0,,119.0,89.0,5269.0,,2798.0,5106.0,8890.0,347.0,53390.0,120632.0,287.0,610.0,258.0,2471.0,3214.0,8751.0,,64523.0,10.0,35.0,1382.0,2529.0,38826.0,13960.0,4462.0,42332.0,9444.0,2495.0,13698.0,2397.0,13327.0,24970.0,17942.0,11261.0,30.0,50.0,83357.0,4972.0,17932.0,831.0,6240.0,7958.0,1912.0,,64.0,372.0,255952.0
235,2000,Greenland,,,,,,,,,,,,,,,,,,,,,,,,,,,,,,,,,,,,,,,,,,,,,,,,,,12.0,,,27.0
236,2000,Saint Pierre and Miquelon,,,,,,,,,,,,,,,,,,,,,,,,,,,,,,,,,,,,,,,,,,,,,,,,,,208.0,,,98.0
237,2000,United States of America,,18324.0,3814.0,28076.0,52172.0,,,,872716.0,,15639.0,687677.0,29272.0,,419317.0,553827.0,,3905.0,1537394.0,11054.0,13524.0,19984.0,,197398.0,,,40151.0,71870.0,817336.0,480665.0,282852.0,9177487.0,220335.0,105177.0,125218.0,53278.0,212428.0,80804.0,509872.0,298626.0,,,211189.0,11980.0,278186.0,5579.0,25038.0,107031.0,8379.0,820771.0,,,
182,2005,Anguilla,,,,,,,,,,,,600.0,,,,418.0,,259.0,,754.0,,,,,,380.0,,,,,,,,,,,,,,,,,356.0,,,,,,,108.0,,,466.0
183,2005,Antigua and Barbuda,35.0,,5.0,2.0,266.0,10.0,86.0,,18.0,17.0,4180.0,1572.0,170.0,67.0,29.0,3515.0,5.0,1003.0,47.0,420.0,596.0,809.0,21.0,634.0,6.0,627.0,12.0,,,,7.0,5.0,,,,,,,,,,5.0,5702.0,,,40.0,,35.0,12.0,382.0,,,2313.0
184,2005,Aruba,,,,,,249.0,,,,2063.0,115.0,3903.0,263.0,,1288.0,719.0,,,,,,120.0,589.0,,,,,,,,,,90.0,,,,,,8243.0,,,,289.0,,1019.0,1285.0,,3074.0,,,,,638.0
185,2005,Bahamas,,11.0,,,164.0,,8.0,15.0,240.0,,58.0,177.0,28.0,,23047.0,5349.0,,,,22.0,65.0,30.0,,341.0,957.0,,27.0,58.0,36.0,21.0,27.0,103.0,8.0,31.0,56.0,,80.0,20.0,106.0,28.0,,,957.0,,165.0,,9.0,26.0,25.0,1399.0,,,6587.0
186,2005,Barbados,,225.0,,55.0,,,,,42.0,,426.0,,518.0,,24.0,839.0,,,,78.0,2991.0,3648.0,,1740.0,,,15.0,,,,,,,,,,,,,,,,4640.0,,,33.0,,,20.0,721.0,,,1147.0
187,2005,"Bonaire, Sint Eustatius and Saba",569.0,1084.0,3306.0,148.0,480.0,,1862.0,,2099.0,2400.0,107.0,8887.0,15.0,205.0,3288.0,1519.0,205.0,,77.0,576.0,2.0,130.0,300.0,78.0,,174.0,,,,,,34.0,,,45.0,,,,2658.0,,,6.0,1316.0,,,2456.0,,1535.0,,174.0,,,1170.0
188,2005,British Virgin Islands,,600.0,,21.0,146.0,,,,,,958.0,1157.0,,,,422.0,,167.0,51.0,2405.0,425.0,1619.0,,320.0,,,,,,,,,,,,,,,,,,,1301.0,,,,,,,187.0,,,1042.0
189,2005,Cayman Islands,,,,181.0,189.0,,,,726.0,13.0,,65.0,17.0,,19.0,8468.0,,,47.0,,11.0,31.0,,327.0,,,342.0,203.0,,,1232.0,40.0,569.0,133.0,13.0,,70.0,,310.0,,,,253.0,,15.0,,,36.0,33.0,1366.0,,,2234.0
190,2005,Cuba,,,,,,,,,,,,137.0,92.0,,1061.0,336.0,,,140.0,,,,,,,,,,,78.0,,457.0,306.0,94.0,191.0,66.0,,202.0,181.0,69.0,,,,,98.0,,,221.0,,69.0,100.0,,609.0
191,2005,Curaçao,,0.0,,,,,,,,,,,,,,,,,,,,,,,,,,,,,,,,,,,,,,,,,,,,,,,,,,,
192,2005,Dominica,13.0,357.0,32.0,8.0,117.0,,60.0,,8.0,,,,,27.0,1071.0,91.0,101.0,114.0,12.0,44.0,198.0,88.0,,215.0,,,,,,,,,,,,,,,,,,16.0,133.0,,,13.0,,21.0,,129.0,,,439.0
193,2005,Dominican Republic,101.0,248.0,278.0,74.0,,,43.0,,6008.0,,22.0,,,86.0,271273.0,321.0,47.0,,8265.0,112.0,,,,72.0,19.0,328.0,,1097.0,351.0,495.0,467.0,1777.0,393.0,788.0,2129.0,304.0,889.0,1460.0,4593.0,859.0,,,39.0,50.0,1899.0,76.0,1083.0,11299.0,13.0,2761.0,,55.0,17858.0
194,2005,Grenada,,36.0,,28.0,168.0,,13.0,,,,70.0,,,,,109.0,,9.0,,14.0,154.0,357.0,,2075.0,,665.0,,,,,,,,,,,,,,,,,322.0,,,,,322.0,,215.0,,,
195,2005,Guadeloupe,,,,,,,,,,,4932.0,1253.0,,,11623.0,,8636.0,,,,336.0,,,,,,,,,,,,,,,,52.0,,,,,1089.0,153.0,,,30.0,,,,404.0,,,404.0
196,2005,Haiti,,,,,,,,,1921.0,,,3842.0,,,,,,,2468.0,,,,,,,,,437.0,,,,489.0,,,743.0,,,532.0,1322.0,,,,,,561.0,,458.0,4007.0,,1003.0,,,2566.0
197,2005,Jamaica,,161.0,,695.0,560.0,,,,1879.0,,144.0,,216.0,,,,,,,101.0,344.0,236.0,,2413.0,,,7.0,104.0,139.0,318.0,169.0,,130.0,78.0,,,,,,,,,,,,,,,,1378.0,,,6493.0
198,2005,Martinique,,,,,,,,,,,391.0,128.0,,5045.0,1634.0,,,,,,1876.0,,,,,,,,,,,,,,,,70.0,,,,,1670.0,,,,,,,,,,,
199,2005,Montserrat,,107.0,,,,,,,,,257.0,22.0,,,,,,,,110.0,,28.0,,40.0,,,,,,,,,,,,,,,,,,,224.0,,,,,,,34.0,,,109.0
200,2005,Puerto Rico,,,,,,,,,17039.0,,2030.0,66983.0,,,299.0,73.0,,,,,,,,295.0,,740.0,,601.0,970.0,563.0,338.0,3118.0,399.0,1104.0,1402.0,96.0,162.0,1007.0,4482.0,949.0,,,86.0,,925.0,,,2198.0,,202.0,,,223949.0
201,2005,Saint Kitts and Nevis,,363.0,,19.0,87.0,,219.0,,,,180.0,,52.0,,,128.0,,386.0,,,93.0,152.0,,239.0,,550.0,,,,,,,,,,,,,,,,,697.0,,,,,,,,,,
202,2005,Saint Lucia,33.0,105.0,16.0,12.0,698.0,,4.0,4.0,21.0,,206.0,43.0,143.0,39.0,,167.0,427.0,28.0,15.0,39.0,,391.0,,700.0,,18.0,1.0,,,4.0,,8.0,,25.0,,,10.0,,,,,273.0,1772.0,,,38.0,,57.0,5.0,230.0,,,595.0
203,2005,Saint Vincent and the Grenadines,,56.0,,,334.0,192.0,,,,146.0,82.0,,416.0,,,121.0,,,,37.0,228.0,,100.0,925.0,,,,,,,,,,,,,,,,,,,234.0,,,,,,,157.0,,,325.0
204,2005,Sint Maarten (Dutch part),183.0,256.0,617.0,,35.0,79.0,434.0,,397.0,684.0,717.0,1701.0,,984.0,1317.0,1134.0,36.0,,12.0,500.0,233.0,33.0,,100.0,,33.0,,,,,,,,,,,,,100.0,,,,867.0,,,250.0,,20.0,,18.0,,,150.0
205,2005,Trinidad and Tobago,,,,,1688.0,,,,42.0,,,,11973.0,,,856.0,,,,,1047.0,8998.0,,,,,,,,,,,,,,,,,,,,,5649.0,,,,,1516.0,,1016.0,,,3757.0
206,2005,Turks and Caicos Islands,,,,255.0,,,,,,,,722.0,,,5652.0,,,,,,,,,,,,,,,,,,,,,,,,,,,,,,,,,,,427.0,,,695.0
207,2005,United States Virgin Islands,1037.0,4708.0,510.0,,364.0,403.0,2594.0,,,,5206.0,3915.0,583.0,,574.0,362.0,,794.0,4190.0,7074.0,3438.0,528.0,,1943.0,,,,,,,,,,,,,,,,,,,,,,,,,,,,,16281.0
209,2005,Belize,,,,,,,,,,,,,,,42.0,412.0,,,,,,,,,,,,,7059.0,18022.0,6375.0,2764.0,,,,,,,,,,,,,,,,,,596.0,,,2694.0
210,2005,Costa Rica,,,16.0,6.0,5.0,,,4.0,2876.0,,3.0,549.0,4.0,,35.0,109.0,2.0,2.0,178.0,1.0,1.0,1.0,,17.0,,3.0,69.0,,6446.0,1329.0,1961.0,1549.0,148064.0,6201.0,734.0,185.0,272.0,869.0,7703.0,636.0,,6.0,14.0,41.0,1891.0,10.0,157.0,690.0,5.0,704.0,4.0,1.0,6332.0
211,2005,El Salvador,,,,,37.0,,,,102.0,,,56.0,,,,10.0,,,59.0,,,,,,,,272.0,829.0,,7367.0,10362.0,1541.0,6024.0,394.0,187.0,48.0,215.0,214.0,458.0,108.0,,,,13.0,198.0,,70.0,206.0,,242.0,,,4871.0
212,2005,Guatemala,,,,,,,,,496.0,,,82.0,,,11.0,,,,77.0,,,,,,,,688.0,872.0,14364.0,,6294.0,13160.0,6424.0,226.0,416.0,102.0,180.0,227.0,868.0,125.0,,15.0,,45.0,343.0,,106.0,211.0,,298.0,299.0,,6473.0
213,2005,Honduras,,,,,,,,66.0,446.0,,,99.0,,,32.0,20.0,,,94.0,,,,,,,,266.0,626.0,6439.0,3351.0,,1140.0,5649.0,290.0,139.0,108.0,173.0,226.0,631.0,335.0,,,,26.0,280.0,,49.0,73.0,,254.0,,,4946.0
214,2005,Mexico,,,,,,,,,9021.0,,,1324.0,,,602.0,116.0,,,1846.0,,,,,32.0,,,1847.0,2669.0,6923.0,29322.0,6702.0,,3434.0,1966.0,9828.0,1888.0,3744.0,5175.0,9403.0,1880.0,,,,394.0,5371.0,,2049.0,6526.0,,8248.0,,,520053.0
215,2005,Nicaragua,,104.0,,73.0,,,,,817.0,,,60.0,,,21.0,18.0,,,51.0,,,,,,,,22.0,9343.0,2121.0,1529.0,10745.0,735.0,,352.0,235.0,57.0,107.0,110.0,389.0,97.0,,,,,199.0,,34.0,139.0,,219.0,,,3085.0
216,2005,Panama,,,,,36.0,,,,1993.0,72.0,35.0,6227.0,11.0,,371.0,559.0,,,463.0,,,,,71.0,,,77.0,5500.0,2333.0,960.0,1034.0,3152.0,7775.0,,1449.0,280.0,1223.0,1271.0,33463.0,2037.0,,,36.0,67.0,3101.0,,445.0,4592.0,,966.0,,29.0,8384.0
218,2005,Argentina,,,1.0,,12.0,,,,1711.0,,7.0,1058.0,17.0,,64.0,18.0,,,117.0,,,,,53.0,,,9.0,190.0,115.0,149.0,103.0,2243.0,141.0,249.0,,294640.0,37604.0,195316.0,2672.0,1478.0,,,,451769.0,127337.0,8.0,114433.0,1918.0,,819.0,25.0,,6907.0
219,2005,Bolivia (Plurinational State of),,0.0,3.0,0.0,0.0,17.0,,,1018.0,138.0,2.0,50.0,1.0,,10.0,4.0,,,37.0,0.0,,,39.0,9.0,,,850.0,133.0,108.0,132.0,198.0,8760.0,90.0,96.0,32418.0,,18453.0,4230.0,1946.0,800.0,,2.0,6.0,3462.0,9549.0,1.0,445.0,604.0,1.0,1430.0,,0.0,3935.0
220,2005,Brazil,,,,7.0,13.0,,,,1715.0,,10.0,207.0,13.0,,35.0,98.0,,,,,,,,,,,2.0,313.0,356.0,225.0,131.0,1973.0,436.0,541.0,28410.0,29671.0,,16352.0,5520.0,1463.0,,667.0,1756.0,34146.0,12958.0,253.0,24495.0,2524.0,,1425.0,,,18779.0
221,2005,Chile,12.0,10.0,3.0,1.0,3.0,,0.0,1.0,2420.0,,23.0,220.0,4.0,6.0,37.0,17.0,4.0,1.0,147.0,10.0,49.0,4.0,,9.0,2.0,1.0,2.0,369.0,185.0,179.0,190.0,1379.0,190.0,409.0,57003.0,19148.0,8993.0,,9898.0,15437.0,2.0,2.0,12.0,972.0,94114.0,2.0,1815.0,3279.0,4.0,1467.0,4.0,2.0,6373.0
222,2005,Colombia,35.0,33.0,255.0,,,,,,1451.0,75.0,41.0,321.0,,,95.0,56.0,,,447.0,,,,19.0,34.0,,,,832.0,310.0,357.0,283.0,2255.0,467.0,1743.0,2562.0,660.0,1873.0,1679.0,,11617.0,,,16.0,185.0,3909.0,,354.0,37137.0,,782.0,,,15025.0
223,2005,Ecuador,,,,24.0,,,,,1466.0,,,173.0,,,47.0,19.0,,,245.0,,,,,22.0,,,,459.0,256.0,211.0,230.0,1106.0,192.0,472.0,2643.0,748.0,1299.0,5551.0,93022.0,,26.0,,,119.0,6708.0,,469.0,4357.0,,1146.0,,,13118.0
224,2005,Falkland Islands (Malvinas),,,,,,,,,,,,,,,,,,,,,,,,,,,,,,,,,,,55.0,,,131.0,,,,,,,,,,,,,,,30.0
225,2005,French Guiana,,,,,,,,,,,571.0,,,2140.0,14450.0,,4685.0,,,,1327.0,,,,,,,,,,,,,,,,11989.0,,,,,,2870.0,,399.0,20487.0,,,,,,,
226,2005,Guyana,,13.0,,11.0,223.0,,,,,,31.0,,137.0,,,209.0,,,,,226.0,260.0,,591.0,,,,,,,,,,,,,1448.0,,,,,,,,,3117.0,,1424.0,,272.0,,,852.0
227,2005,Paraguay,,,,,,,,,,,,,,,,,,,,,,,,,,,,,,,,1727.0,,,61353.0,1086.0,79266.0,2269.0,,,,,,,,,3146.0,,,2453.0,,,1696.0
228,2005,Peru,,,,,,,,,773.0,,,155.0,,,43.0,,,,118.0,,,20.0,,,,,,288.0,93.0,140.0,142.0,1273.0,138.0,295.0,9688.0,4883.0,4147.0,6129.0,5066.0,3405.0,,30.0,,466.0,,,523.0,2763.0,,1045.0,,,8408.0
229,2005,Suriname,,,,,,,,,,,,,,,,,,,,,,,,,,,,,,,,,,,,,3921.0,,,,,,9548.0,,,,,,,,,,
230,2005,Uruguay,,,,,,,,,,,,,,,,,,,,,,,,,,,,,,,,553.0,,,22181.0,,11246.0,1430.0,,,,,,1300.0,339.0,,,587.0,,329.0,,,1250.0
231,2005,Venezuela (Bolivarian Republic of),,,436.0,,43.0,921.0,,,10372.0,,4.0,14286.0,202.0,,1750.0,111.0,37.0,,480.0,,15.0,108.0,,2746.0,,,17.0,1142.0,937.0,425.0,299.0,3344.0,1953.0,925.0,9078.0,1864.0,5214.0,15347.0,666380.0,31597.0,,26.0,7511.0,226.0,39846.0,54.0,4672.0,,,1016.0,,,10445.0
233,2005,Bermuda,,,,,,,,,24.0,,,17.0,,,1475.0,517.0,,,,,,,,57.0,98.0,,,,,,,,,,,,,,,,,,86.0,,,,,,,2426.0,,,3460.0
234,2005,Canada,103.0,2285.0,577.0,1556.0,14688.0,,105.0,230.0,9129.0,,2818.0,6737.0,9321.0,454.0,66504.0,119447.0,415.0,591.0,328.0,2192.0,4135.0,10317.0,,63760.0,40.0,45.0,1604.0,3416.0,39970.0,14401.0,5243.0,61186.0,8894.0,2458.0,15923.0,3625.0,19215.0,24756.0,39330.0,12238.0,15.0,62.0,82392.0,6040.0,21778.0,835.0,6280.0,12434.0,2312.0,,31.0,320.0,273338.0
235,2005,Greenland,,,,,,,,,,,,,,,,,,,,,,,,,,,,,,,,,,,,,,,,,,,,,,,,,,24.0,,,28.0
236,2005,Saint Pierre and Miquelon,,,,,,,,,,,,,,,,,,,,,,,,,,,,,,,,,,,,,,,,,,,,,,,,,,212.0,,,74.0
237,2005,United States of America,,21812.0,4540.0,28259.0,52145.0,,,,932172.0,,24557.0,740302.0,30022.0,,477776.0,594197.0,,4648.0,1572102.0,13158.0,16098.0,20326.0,,211656.0,,,43087.0,78555.0,969458.0,625039.0,372898.0,10309054.0,229520.0,103068.0,148392.0,64764.0,272297.0,85360.0,564430.0,353988.0,,,230099.0,20737.0,340722.0,9656.0,36900.0,138645.0,8186.0,818370.0,,,
182,2010,Anguilla,,,,,,,,,,,,653.0,,,,455.0,,282.0,,822.0,,,,,,413.0,,,,,,,,,,,,,,,,,388.0,,,,,,,118.0,,,508.0
183,2010,Antigua and Barbuda,37.0,,5.0,2.0,284.0,10.0,92.0,,19.0,18.0,4462.0,1678.0,181.0,71.0,31.0,3752.0,5.0,1070.0,50.0,448.0,636.0,863.0,22.0,677.0,6.0,669.0,13.0,,,,7.0,5.0,,,,,,,,,,5.0,6086.0,,,42.0,,37.0,13.0,408.0,,,2469.0
184,2010,Aruba,,,,,,282.0,,,,2334.0,102.0,4113.0,245.0,,1551.0,709.0,,,,,,107.0,666.0,,,,,,,,,,102.0,,,,,,9279.0,,,,275.0,,1078.0,1271.0,,3231.0,,,,,582.0
185,2010,Bahamas,,13.0,,,220.0,,3.0,21.0,370.0,,69.0,269.0,30.0,,25465.0,6925.0,,,,31.0,72.0,37.0,,360.0,1426.0,,41.0,50.0,67.0,32.0,40.0,124.0,9.0,48.0,102.0,,112.0,32.0,178.0,40.0,,,1232.0,,290.0,,16.0,28.0,36.0,1446.0,,,8919.0
186,2010,Barbados,,185.0,,47.0,,,,,56.0,,321.0,,371.0,,32.0,947.0,,,,104.0,2073.0,2964.0,,1419.0,,,21.0,,,,,,,,,,,,,,,,6277.0,,,45.0,,,27.0,656.0,,,985.0
187,2010,"Bonaire, Sint Eustatius and Saba",25.0,22.0,664.0,19.0,57.0,,56.0,,40.0,3617.0,20.0,1198.0,0.0,24.0,88.0,347.0,24.0,,9.0,23.0,0.0,12.0,452.0,6.0,,0.0,,,,,,0.0,,,3.0,,,,517.0,,,0.0,145.0,,,366.0,,422.0,,77.0,,,517.0
188,2010,British Virgin Islands,,676.0,,23.0,164.0,,,,,,1079.0,1303.0,,,,475.0,,188.0,57.0,2709.0,479.0,1824.0,,360.0,,,,,,,,,,,,,,,,,,,1466.0,,,,,,,210.0,,,1174.0
189,2010,Cayman Islands,,,,171.0,169.0,,,,695.0,12.0,,61.0,16.0,,18.0,9467.0,,,45.0,,10.0,30.0,,289.0,,,323.0,120.0,,,1682.0,38.0,364.0,126.0,12.0,,66.0,,385.0,,,,308.0,,15.0,,,34.0,32.0,1332.0,,,2640.0
190,2010,Cuba,,,,,,,,,,,,125.0,84.0,,969.0,307.0,,,128.0,,,,,,,,,,,71.0,,417.0,280.0,86.0,174.0,60.0,,184.0,166.0,63.0,,,,,89.0,,,202.0,,63.0,91.0,,556.0
191,2010,Curaçao,39.0,50.0,1572.0,75.0,176.0,2148.0,92.0,,215.0,,99.0,5259.0,2.0,87.0,1811.0,1197.0,29.0,,14.0,167.0,,268.0,460.0,89.0,,26.0,,,,,,12.0,,,20.0,,,,4414.0,,,,422.0,,97.0,1722.0,,1645.0,,83.0,,,304.0
192,2010,Dominica,16.0,379.0,40.0,10.0,143.0,,73.0,,10.0,,,,,33.0,1196.0,111.0,123.0,139.0,14.0,54.0,241.0,107.0,,262.0,,,,,,,,,,,,,,,,,,20.0,163.0,,,16.0,,26.0,,158.0,,,534.0
193,2010,Dominican Republic,32.0,170.0,152.0,37.0,,,71.0,,3639.0,,14.0,,,53.0,311969.0,126.0,31.0,,5763.0,130.0,,,,22.0,33.0,78.0,,291.0,253.0,406.0,402.0,1419.0,277.0,717.0,1015.0,162.0,611.0,600.0,3416.0,551.0,,,22.0,24.0,1353.0,26.0,173.0,5132.0,15.0,1152.0,,61.0,24457.0
194,2010,Grenada,,38.0,,30.0,176.0,,14.0,,,,74.0,,,,,114.0,,10.0,,15.0,162.0,373.0,,2170.0,,696.0,,,,,,,,,,,,,,,,,337.0,,,,,337.0,,225.0,,,
195,2010,Guadeloupe,,,,,,,,,,,4215.0,913.0,,,14731.0,,9104.0,,,,398.0,,,,,,,,,,,,,,,,61.0,,,,,1148.0,181.0,,,36.0,,,,478.0,,,478.0
196,2010,Haiti,,,,,,,,,2213.0,,,4426.0,,,,,,,2843.0,,,,,,,,,504.0,,,,563.0,,,856.0,,,613.0,1523.0,,,,,,646.0,,527.0,4616.0,,1156.0,,,2956.0
197,2010,Jamaica,,156.0,,677.0,545.0,,,,1830.0,,140.0,,210.0,,,,,,,98.0,335.0,229.0,,2349.0,,,7.0,101.0,135.0,309.0,164.0,,126.0,76.0,,,,,,,,,,,,,,,,1342.0,,,6329.0
198,2010,Martinique,,,,,,,,,,,408.0,134.0,,5270.0,1707.0,,,,,,1960.0,,,,,,,,,,,,,,,,74.0,,,,,1744.0,,,,,,,,,,,
199,2010,Montserrat,,110.0,,,,,,,,,265.0,23.0,,,,,,,,113.0,,28.0,,42.0,,,,,,,,,,,,,,,,,,,230.0,,,,,,,35.0,,,115.0
200,2010,Puerto Rico,,,,,,,,,12882.0,,1215.0,63981.0,,,235.0,44.0,,,,,,,,176.0,,443.0,,551.0,1327.0,511.0,174.0,3142.0,239.0,617.0,1369.0,58.0,97.0,1052.0,4589.0,999.0,,,52.0,,603.0,,,2147.0,,121.0,,,185814.0
201,2010,Saint Kitts and Nevis,,393.0,,21.0,94.0,,237.0,,,,195.0,,56.0,,,138.0,,418.0,,,102.0,166.0,,259.0,,596.0,,,,,,,,,,,,,,,,,756.0,,,,,,,,,,
202,2010,Saint Lucia,35.0,112.0,17.0,13.0,736.0,,4.0,4.0,23.0,,217.0,46.0,151.0,42.0,,177.0,450.0,30.0,16.0,42.0,,412.0,,738.0,,19.0,1.0,,,4.0,,9.0,,27.0,,,12.0,,,,,288.0,1867.0,,,40.0,,60.0,6.0,243.0,,,627.0
203,2010,Saint Vincent and the Grenadines,,57.0,,,340.0,195.0,,,,148.0,83.0,,424.0,,,123.0,,,,39.0,233.0,,104.0,943.0,,,,,,,,,,,,,,,,,,,238.0,,,,,,,163.0,,,331.0
204,2010,Sint Maarten (Dutch part),367.0,513.0,1234.0,,70.0,158.0,868.0,,795.0,1368.0,1435.0,3403.0,,1968.0,2635.0,2269.0,72.0,,25.0,1001.0,467.0,67.0,,200.0,,67.0,,,,,,,,,,,,,200.0,,,,1735.0,,,500.0,,40.0,,37.0,,,300.0
205,2010,Trinidad and Tobago,,,,,1029.0,,,,74.0,,,,7748.0,,,1445.0,,,,,850.0,6207.0,,,,,,,,,,,,,,,,,,,,,9490.0,,,,,1672.0,,1716.0,,,5597.0
206,2010,Turks and Caicos Islands,,,,51.0,,,,,,,,752.0,,,6605.0,,,,,,,,,,,,,,,,,,,,,,,,,,,,,,,,,,,448.0,,,715.0
207,2010,United States Virgin Islands,972.0,4585.0,501.0,,368.0,396.0,2463.0,,,,5505.0,4638.0,590.0,,644.0,373.0,,780.0,4065.0,7096.0,3423.0,518.0,,1758.0,,,,,,,,,,,,,,,,,,,,,,,,,,,,,16851.0
209,2010,Belize,,,,,,,,,,,,,,,46.0,421.0,,,,,,,,,,,,,7486.0,19995.0,7313.0,2988.0,,,,,,,,,,,,,,,,,,704.0,,,3474.0
210,2010,Costa Rica,,,32.0,12.0,11.0,,,8.0,5669.0,,5.0,1082.0,8.0,,70.0,214.0,4.0,4.0,351.0,1.0,1.0,1.0,,34.0,,7.0,137.0,,13688.0,2620.0,3865.0,3053.0,287766.0,11250.0,1446.0,364.0,536.0,1713.0,20945.0,1253.0,,12.0,28.0,82.0,3726.0,20.0,309.0,1360.0,11.0,1387.0,8.0,1.0,12480.0
211,2010,El Salvador,,,,,38.0,,,,123.0,,,69.0,,,,10.0,,,59.0,,,,,,,,325.0,840.0,,8521.0,11198.0,1644.0,7502.0,433.0,207.0,51.0,232.0,220.0,553.0,118.0,,,,11.0,224.0,,72.0,232.0,,235.0,,,5176.0
212,2010,Guatemala,,,,,,,,,574.0,,,95.0,,,12.0,,,,88.0,,,,,,,,796.0,1010.0,16691.0,,7292.0,15250.0,7443.0,261.0,482.0,118.0,209.0,262.0,1005.0,145.0,,17.0,,51.0,397.0,,122.0,246.0,,345.0,346.0,,7514.0
213,2010,Honduras,,,,,,,,64.0,436.0,,,96.0,,,31.0,19.0,,,92.0,,,,,,,,260.0,613.0,6303.0,3280.0,,1116.0,5530.0,284.0,136.0,105.0,169.0,221.0,618.0,328.0,,,,25.0,274.0,,48.0,73.0,,249.0,,,4851.0
214,2010,Mexico,,,,,,,,,11822.0,,,1603.0,,,940.0,126.0,,,1335.0,,,,,27.0,,,2312.0,2482.0,8864.0,32888.0,9980.0,,3572.0,1766.0,14171.0,1988.0,4532.0,5267.0,13259.0,2201.0,,,,506.0,5886.0,,2371.0,10786.0,,10208.0,,,741918.0
215,2010,Nicaragua,,111.0,,78.0,,,,,873.0,,,64.0,,,22.0,19.0,,,54.0,,,,,,,,23.0,9989.0,2267.0,1634.0,11534.0,785.0,,376.0,251.0,60.0,114.0,117.0,415.0,103.0,,,,,212.0,,36.0,148.0,,234.0,,,3298.0
216,2010,Panama,,,,,28.0,,,,2405.0,26.0,49.0,6893.0,22.0,,461.0,593.0,,,614.0,,,,,101.0,,,73.0,6608.0,2747.0,1367.0,1280.0,4114.0,10998.0,,2172.0,386.0,1704.0,1544.0,47046.0,2275.0,,,41.0,103.0,3654.0,,648.0,8415.0,,1540.0,,39.0,11956.0
218,2010,Argentina,,,1.0,,7.0,,,,1102.0,,4.0,682.0,11.0,,41.0,11.0,,,75.0,,,,,34.0,,,6.0,123.0,73.0,96.0,66.0,1445.0,91.0,160.0,,363142.0,42283.0,184687.0,1722.0,952.0,,,,588452.0,169262.0,5.0,115039.0,1236.0,,528.0,15.0,,4450.0
219,2010,Bolivia (Plurinational State of),,0.0,2.0,0.0,0.0,18.0,,,1520.0,152.0,3.0,100.0,0.0,,13.0,6.0,,,33.0,0.0,,,43.0,4.0,,,777.0,125.0,109.0,122.0,198.0,8179.0,95.0,94.0,36671.0,,22066.0,4063.0,2546.0,861.0,,1.0,4.0,3681.0,9691.0,0.0,437.0,664.0,0.0,1185.0,,0.0,4206.0
220,2010,Brazil,,,,15.0,27.0,,,,2059.0,,21.0,309.0,26.0,,54.0,137.0,,,,30.0,144.0,29.0,,186.0,,,5.0,383.0,226.0,289.0,125.0,2656.0,364.0,516.0,28815.0,38479.0,,15298.0,6792.0,1715.0,,701.0,1880.0,38911.0,14890.0,270.0,23840.0,2844.0,,1573.0,,,23308.0
221,2010,Chile,9.0,8.0,2.0,1.0,2.0,,0.0,1.0,1856.0,,18.0,169.0,3.0,4.0,28.0,13.0,3.0,1.0,112.0,8.0,37.0,3.0,,7.0,2.0,1.0,1.0,283.0,142.0,138.0,146.0,1058.0,146.0,313.0,68235.0,27728.0,11100.0,,15882.0,22016.0,2.0,1.0,9.0,746.0,152768.0,2.0,1392.0,2514.0,3.0,1125.0,3.0,1.0,4902.0
222,2010,Colombia,39.0,37.0,287.0,,,,,,1699.0,85.0,46.0,359.0,,,108.0,56.0,,,516.0,,,,21.0,35.0,,,,986.0,358.0,429.0,329.0,2664.0,535.0,1929.0,2986.0,764.0,2181.0,1889.0,,13284.0,,,18.0,202.0,4708.0,,406.0,43511.0,,919.0,,,17587.0
223,2010,Ecuador,,,,33.0,,,,,2059.0,,,243.0,,,66.0,26.0,,,344.0,,,,,31.0,,,,645.0,359.0,296.0,323.0,1553.0,270.0,663.0,3712.0,1051.0,1825.0,7797.0,192805.0,,36.0,,,167.0,9422.0,,659.0,6120.0,,1610.0,,,18426.0
224,2010,Falkland Islands (Malvinas),,,,,,,,,,,,,,,,,,,,,,,,,,,,,,,,,,,24.0,,,181.0,,,,,,,,,,,,,,,17.0
225,2010,French Guiana,,,,,,,,,,,599.0,,,2009.0,15743.0,,4398.0,,,,1246.0,,,,,,,,,,,,,,,,16137.0,,,,,,3044.0,,419.0,25501.0,,,,,,,
226,2010,Guyana,,16.0,,13.0,229.0,,,,,,37.0,,165.0,,,252.0,,,,,187.0,314.0,,751.0,,,,,,,,,,,,,1821.0,,,,,,,,,3920.0,,1791.0,,341.0,,,1071.0
227,2010,Paraguay,,,,,,,,,,,,,,,,,,,,,,,,,,,,,,,,1645.0,,,58456.0,1034.0,75523.0,2161.0,,,,,,,,,2997.0,,,2337.0,,,1615.0
228,2010,Peru,,,,,,,,,838.0,,,168.0,,,46.0,,,,127.0,,,21.0,,,,,,312.0,100.0,151.0,153.0,1380.0,149.0,319.0,10503.0,5293.0,4495.0,6644.0,5492.0,3691.0,,32.0,,505.0,,,567.0,2995.0,,1132.0,,,9115.0
229,2010,Suriname,,,,,,,,,,,,,,,,,,,,,,,,,,,,,,,,,,,,,4626.0,,,,,,11264.0,,,,,,,,,,
230,2010,Uruguay,,,,,,,,,,,,,,,,,,,,,,,,,,,,,,,,508.0,,,22275.0,,10797.0,1406.0,,,,,,1459.0,1110.0,,,523.0,,306.0,,,2217.0
231,2010,Venezuela (Bolivarian Republic of),,,458.0,,23.0,967.0,,,10813.0,,2.0,14254.0,174.0,,1810.0,98.0,40.0,,432.0,,10.0,114.0,,2724.0,,,19.0,1107.0,967.0,418.0,290.0,3585.0,1969.0,876.0,9430.0,1888.0,5623.0,14945.0,918949.0,34373.0,,28.0,8410.0,215.0,43607.0,48.0,4645.0,,,1071.0,,,10721.0
233,2010,Bermuda,,,,,,,,,30.0,,,21.0,,,1658.0,601.0,,,,,,,,67.0,82.0,,,,,,,,,,,,,,,,,,101.0,,,,,,,2272.0,,,3481.0
234,2010,Canada,73.0,2395.0,588.0,1933.0,15397.0,,97.0,384.0,13537.0,,3007.0,8772.0,10312.0,588.0,83613.0,125438.0,568.0,607.0,418.0,2045.0,5304.0,12503.0,,66826.0,73.0,58.0,1923.0,4509.0,43516.0,15708.0,6339.0,83715.0,8879.0,2569.0,19104.0,5071.0,26258.0,26030.0,63081.0,13950.0,0.0,78.0,86376.0,7470.0,26933.0,889.0,6698.0,17656.0,2851.0,,0.0,287.0,307143.0
235,2010,Greenland,,,,,,,,,,,,,,,,,,,,,,,,,,,,,,,,,,,,,,,,,,,,,,,,,,11.0,,,31.0
236,2010,Saint Pierre and Miquelon,,,,,,,,,,,,,,,,,,,,,,,,,,,,,,,,,,,,,,,,,,,,,,,,,,187.0,,,65.0
237,2010,United States of America,,25569.0,5322.0,28789.0,52759.0,,,,1003052.0,,33777.0,802001.0,31140.0,,542091.0,641849.0,,5449.0,1626078.0,15424.0,18871.0,20919.0,,228508.0,,,46553.0,86203.0,1133462.0,777073.0,467515.0,11566960.0,241518.0,102223.0,173385.0,77044.0,335505.0,90964.0,625906.0,413690.0,,,251829.0,29749.0,407435.0,13853.0,49216.0,171960.0,8095.0,826000.0,,,
182,2015,Anguilla,,,,,,,,,,,,700.0,,,,488.0,,302.0,,881.0,,,,,,443.0,,,,,,,,,,,,,,,,,416.0,,,,,,,126.0,,,545.0
183,2015,Antigua and Barbuda,39.0,,5.0,2.0,302.0,11.0,98.0,,20.0,19.0,4745.0,1784.0,192.0,76.0,33.0,3990.0,5.0,1138.0,53.0,476.0,676.0,918.0,23.0,720.0,6.0,711.0,14.0,,,,7.0,5.0,,,,,,,,,,5.0,6472.0,,,45.0,,39.0,14.0,434.0,,,2626.0
184,2015,Aruba,,,,,,297.0,,,,2455.0,107.0,4327.0,258.0,,1632.0,746.0,,,,,,113.0,701.0,,,,,,,,,,107.0,,,,,,9762.0,,,,289.0,,1134.0,1337.0,,3399.0,,,,,612.0
185,2015,Bahamas,,14.0,,,238.0,,3.0,23.0,401.0,,75.0,291.0,33.0,,27591.0,7503.0,,,,34.0,78.0,40.0,,390.0,1545.0,,44.0,54.0,73.0,35.0,43.0,134.0,10.0,52.0,111.0,,121.0,35.0,193.0,43.0,,,1335.0,,314.0,,17.0,30.0,39.0,1567.0,,,9664.0
186,2015,Barbados,,194.0,,49.0,,,,,58.0,,337.0,,389.0,,33.0,994.0,,,,109.0,2177.0,3114.0,,1490.0,,,22.0,,,,,,,,,,,,,,,,6594.0,,,47.0,,,28.0,689.0,,,1034.0
187,2015,"Bonaire, Sint Eustatius and Saba",28.0,25.0,755.0,21.0,64.0,,63.0,,45.0,4115.0,22.0,1362.0,0.0,27.0,100.0,394.0,27.0,,10.0,26.0,0.0,13.0,514.0,6.0,,0.0,,,,,,0.0,,,3.0,,,,588.0,,,0.0,164.0,,,416.0,,480.0,,87.0,,,588.0
188,2015,British Virgin Islands,,752.0,,26.0,182.0,,,,,,1200.0,1450.0,,,,528.0,,209.0,63.0,3014.0,533.0,2029.0,,401.0,,,,,,,,,,,,,,,,,,,1631.0,,,,,,,234.0,,,1306.0
189,2015,Cayman Islands,,,,168.0,166.0,,,,686.0,11.0,,60.0,15.0,,17.0,9351.0,,,44.0,,9.0,29.0,,285.0,,,319.0,118.0,,,1661.0,37.0,359.0,124.0,11.0,,65.0,,380.0,,,,304.0,,14.0,,,33.0,31.0,1315.0,,,2607.0
190,2015,Cuba,,,,,,,,,,,,113.0,76.0,,872.0,276.0,,,115.0,,,,,,,,,,,64.0,,375.0,252.0,77.0,157.0,54.0,,166.0,149.0,57.0,,,,,80.0,,,182.0,,57.0,82.0,,500.0
191,2015,Curaçao,42.0,54.0,1708.0,81.0,191.0,2334.0,99.0,,233.0,,107.0,5715.0,2.0,94.0,1968.0,1300.0,31.0,,15.0,181.0,,291.0,499.0,96.0,,28.0,,,,,,13.0,,,21.0,,,,4797.0,,,,458.0,,105.0,1871.0,,1787.0,,90.0,,,330.0
192,2015,Dominica,19.0,442.0,47.0,12.0,167.0,,85.0,,12.0,,,,,38.0,1395.0,129.0,143.0,162.0,16.0,63.0,281.0,125.0,,306.0,,,,,,,,,,,,,,,,,,23.0,190.0,,,19.0,,30.0,,184.0,,,623.0
193,2015,Dominican Republic,34.0,179.0,160.0,39.0,,,75.0,,3841.0,,15.0,,,56.0,329281.0,133.0,33.0,,6083.0,137.0,,,,23.0,35.0,82.0,,307.0,267.0,429.0,424.0,1498.0,292.0,757.0,1071.0,171.0,645.0,633.0,3606.0,582.0,,,23.0,25.0,1428.0,27.0,183.0,5417.0,16.0,1216.0,,64.0,25814.0
194,2015,Grenada,,38.0,,30.0,178.0,,14.0,,,,74.0,,,,,115.0,,10.0,,15.0,163.0,377.0,,2196.0,,704.0,,,,,,,,,,,,,,,,,341.0,,,,,341.0,,227.0,,,
195,2015,Guadeloupe,,,,,,,,,,,4373.0,947.0,,,15284.0,,9446.0,,,,413.0,,,,,,,,,,,,,,,,63.0,,,,,1191.0,188.0,,,37.0,,,,496.0,,,496.0
196,2015,Haiti,,,,,,,,,2492.0,,,4984.0,,,,,,,3201.0,,,,,,,,,568.0,,,,634.0,,,964.0,,,690.0,1715.0,,,,,,727.0,,593.0,5198.0,,1302.0,,,3328.0
197,2015,Jamaica,,153.0,,662.0,533.0,,,,1791.0,,137.0,,205.0,,,,,,,96.0,328.0,224.0,,2299.0,,,7.0,99.0,132.0,302.0,160.0,,123.0,74.0,,,,,,,,,,,,,,,,1313.0,,,6193.0
198,2015,Martinique,,,,,,,,,,,422.0,139.0,,5461.0,1769.0,,,,,,2032.0,,,,,,,,,,,,,,,,76.0,,,,,1808.0,,,,,,,,,,,
199,2015,Montserrat,,116.0,,,,,,,,,280.0,24.0,,,,,,,,119.0,,29.0,,44.0,,,,,,,,,,,,,,,,,,,243.0,,,,,,,37.0,,,121.0
200,2015,Puerto Rico,,,,,,,,,13321.0,,1190.0,57891.0,,,160.0,43.0,,,,,,,,174.0,,433.0,,685.0,846.0,381.0,408.0,2647.0,234.0,921.0,1180.0,56.0,95.0,789.0,3788.0,851.0,,,50.0,,686.0,,,2302.0,,119.0,,,165147.0
201,2015,Saint Kitts and Nevis,,404.0,,24.0,96.0,,243.0,,,,200.0,,57.0,,,141.0,,430.0,,,102.0,168.0,,266.0,,613.0,,,,,,,,,,,,,,,,,777.0,,,,,,,,,,
202,2015,Saint Lucia,37.0,118.0,17.0,13.0,778.0,,4.0,4.0,24.0,,229.0,48.0,159.0,44.0,,187.0,475.0,31.0,16.0,44.0,,435.0,,780.0,,20.0,1.0,,,4.0,,9.0,,28.0,,,12.0,,,,,304.0,1974.0,,,42.0,,63.0,6.0,256.0,,,663.0
203,2015,Saint Vincent and the Grenadines,,58.0,,,347.0,199.0,,,,151.0,86.0,,433.0,,,125.0,,,,39.0,237.0,,111.0,964.0,,,,,,,,,,,,,,,,,,,243.0,,,,,,,163.0,,,338.0
204,2015,Sint Maarten (Dutch part),383.0,534.0,1286.0,,73.0,165.0,904.0,,828.0,1425.0,1495.0,3546.0,,2051.0,2746.0,2364.0,75.0,,26.0,1042.0,487.0,70.0,,208.0,,70.0,,,,,,,,,,,,,208.0,,,,1807.0,,,521.0,,41.0,,38.0,,,312.0
205,2015,Trinidad and Tobago,,,,,1066.0,,,,76.0,,,,8026.0,,,1497.0,,,,,880.0,6430.0,,,,,,,,,,,,,,,,,,,,,9830.0,,,,,1732.0,,1777.0,,,5798.0
206,2015,Turks and Caicos Islands,,,,12.0,,,,,,,,774.0,,,7347.0,,,,,,,,,,,,,,,,,,,,,,,,,,,,,,,,,,,462.0,,,727.0
207,2015,United States Virgin Islands,972.0,4587.0,501.0,,368.0,396.0,2464.0,,,,5508.0,4641.0,590.0,,644.0,373.0,,780.0,4067.0,7100.0,3425.0,518.0,,1759.0,,,,,,,,,,,,,,,,,,,,,,,,,,,,,16861.0
209,2015,Belize,,,,,,,,,,,,,,,53.0,489.0,,,,,,,,,,,,,8697.0,23231.0,8496.0,3472.0,,,,,,,,,,,,,,,,,,818.0,,,4036.0
210,2015,Costa Rica,,,33.0,12.0,11.0,,,8.0,5897.0,,5.0,1126.0,8.0,,73.0,223.0,4.0,4.0,365.0,1.0,1.0,1.0,,35.0,,7.0,143.0,,14239.0,2725.0,4020.0,3176.0,299340.0,11702.0,1504.0,379.0,558.0,1782.0,21787.0,1303.0,,12.0,29.0,85.0,3876.0,21.0,321.0,1415.0,11.0,1443.0,8.0,1.0,12982.0
211,2015,El Salvador,,,,,40.0,,,,128.0,,,72.0,,,,10.0,,,62.0,,,,,,,,339.0,876.0,,8885.0,11676.0,1714.0,7823.0,451.0,216.0,53.0,242.0,229.0,577.0,123.0,,,,11.0,234.0,,75.0,242.0,,245.0,,,5397.0
212,2015,Guatemala,,,,,,,,,660.0,,,109.0,,,14.0,,,,101.0,,,,,,,,916.0,1162.0,19198.0,,8387.0,17540.0,8561.0,300.0,554.0,136.0,240.0,301.0,1156.0,167.0,,20.0,,59.0,457.0,,140.0,283.0,,397.0,398.0,,8643.0
213,2015,Honduras,,,,,,,,66.0,449.0,,,99.0,,,32.0,20.0,,,95.0,,,,,,,,268.0,631.0,6486.0,3375.0,,1148.0,5690.0,292.0,140.0,108.0,174.0,227.0,636.0,338.0,,,,26.0,282.0,,49.0,75.0,,256.0,,,4981.0
214,2015,Mexico,,,,,,,,,17653.0,,,1992.0,,,1296.0,174.0,,,1325.0,,,,,26.0,,,3160.0,2468.0,10054.0,53128.0,15027.0,,5369.0,1756.0,18728.0,2715.0,6198.0,7202.0,20135.0,2736.0,,,,767.0,8853.0,,2947.0,15959.0,,14121.0,,,876528.0
215,2015,Nicaragua,,119.0,,84.0,,,,,941.0,,,69.0,,,23.0,20.0,,,58.0,,,,,,,,24.0,10772.0,2444.0,1762.0,12439.0,846.0,,405.0,270.0,64.0,122.0,126.0,447.0,111.0,,,,,228.0,,38.0,159.0,,252.0,,,3606.0
216,2015,Panama,,,,,32.0,,,,2825.0,31.0,58.0,8095.0,27.0,,542.0,697.0,,,721.0,,,,,119.0,,,86.0,7760.0,3225.0,1606.0,1504.0,4832.0,12915.0,,2550.0,454.0,2002.0,1813.0,55251.0,2672.0,,,48.0,122.0,4290.0,,762.0,9883.0,,1808.0,,46.0,14040.0
218,2015,Argentina,,,1.0,,7.0,,,,1106.0,,4.0,684.0,11.0,,41.0,11.0,,,75.0,,,,,34.0,,,6.0,123.0,73.0,96.0,66.0,1450.0,91.0,161.0,,419048.0,48792.0,213119.0,8640.0,955.0,,,,679044.0,195320.0,5.0,132749.0,1240.0,,530.0,15.0,,5135.0
219,2015,Bolivia (Plurinational State of),,0.0,2.0,0.0,0.0,20.0,,,1770.0,167.0,3.0,116.0,0.0,,15.0,7.0,,,38.0,0.0,,,48.0,5.0,,,905.0,146.0,127.0,142.0,231.0,9522.0,111.0,109.0,42691.0,,25688.0,4730.0,2964.0,1002.0,,1.0,5.0,4285.0,11282.0,0.0,509.0,773.0,0.0,1380.0,,0.0,4896.0
220,2015,Brazil,,,,18.0,33.0,,,,2479.0,,25.0,372.0,31.0,,65.0,165.0,,,,36.0,173.0,35.0,,224.0,,,6.0,461.0,272.0,348.0,151.0,3198.0,438.0,621.0,34699.0,46336.0,,18422.0,8179.0,2065.0,,844.0,2264.0,46857.0,17931.0,325.0,28708.0,3425.0,,1894.0,,,28068.0
221,2015,Chile,15.0,13.0,5.0,2.0,5.0,,0.0,2.0,3049.0,,30.0,278.0,5.0,7.0,44.0,23.0,5.0,2.0,184.0,13.0,62.0,5.0,,12.0,5.0,2.0,2.0,467.0,233.0,227.0,240.0,1739.0,240.0,516.0,70415.0,37554.0,18243.0,,23471.0,23471.0,5.0,2.0,15.0,1226.0,178385.0,5.0,2288.0,4134.0,5.0,1847.0,5.0,2.0,8058.0
222,2015,Colombia,42.0,40.0,307.0,,,,,,1820.0,91.0,49.0,385.0,,,116.0,60.0,,,553.0,,,,22.0,37.0,,,,1056.0,384.0,460.0,352.0,2854.0,573.0,2067.0,3199.0,818.0,2337.0,2024.0,,14232.0,,,19.0,216.0,5044.0,,435.0,46614.0,,985.0,,,18841.0
223,2015,Ecuador,,,,48.0,,,,,2994.0,,,353.0,,,96.0,37.0,,,500.0,,,,,45.0,,,,938.0,522.0,430.0,469.0,2258.0,392.0,964.0,5399.0,1528.0,2654.0,11341.0,194733.0,,52.0,,,242.0,13705.0,,958.0,8901.0,,2341.0,,,26802.0
224,2015,Falkland Islands (Malvinas),,,,,,,,,,,,,,,,,,,,,,,,,,,,,,,,,,,26.0,,,198.0,,,,,,,,,,,,,,,19.0
225,2015,French Guiana,,,,,,,,,,,723.0,,,2021.0,19005.0,,2654.0,,,,1253.0,,,,,,,,,,,,,,,,19481.0,,,,,,3675.0,,506.0,30785.0,,,,,,,
226,2015,Guyana,,19.0,,15.0,268.0,,,,,,43.0,,193.0,,,295.0,,,,,219.0,368.0,,880.0,,,,,,,,,,,,,2135.0,,,,,,,,,4595.0,,2099.0,,400.0,,,1255.0
227,2015,Paraguay,,,,,,,,,,,,,,,,,,,,,,,,,,,,,,,,1605.0,,,57056.0,1009.0,73715.0,2109.0,,,,,,,,,2925.0,,,2281.0,,,1576.0
228,2015,Peru,,,,,,,,,905.0,,,181.0,,,49.0,,,,137.0,,,22.0,,,,,,337.0,108.0,163.0,165.0,1491.0,161.0,344.0,11354.0,5722.0,4859.0,7182.0,5937.0,3990.0,,34.0,,545.0,,,612.0,3237.0,,1223.0,,,9853.0
229,2015,Suriname,,,,,,,,,,,,,,,,,,,,,,,,,,,,,,,,,,,,,5456.0,,,,,,13284.0,,,,,,,,,,
230,2015,Uruguay,,,,,,,,,,,,,,,,,,,,,,,,,,,,,,,,466.0,,,22521.0,,10496.0,1384.0,,,,,,1583.0,1533.0,,,463.0,,284.0,,,2853.0
231,2015,Venezuela (Bolivarian Republic of),,,486.0,,7.0,1025.0,,,11423.0,,0.0,14743.0,163.0,,1900.0,95.0,43.0,,419.0,,6.0,121.0,,2808.0,,,20.0,1127.0,1015.0,428.0,294.0,3831.0,2045.0,880.0,9944.0,1967.0,6026.0,15263.0,973315.0,36973.0,,30.0,9149.0,214.0,47007.0,46.0,4795.0,,,1136.0,,,11242.0
233,2015,Bermuda,,,,,,,,,30.0,,,21.0,,,1680.0,609.0,,,,,,,,68.0,83.0,,,,,,,,,,,,,,,,,,102.0,,,,,,,2302.0,,,3527.0
234,2015,Canada,82.0,2677.0,657.0,2160.0,17207.0,,108.0,429.0,15128.0,,3361.0,9803.0,11524.0,657.0,93443.0,140185.0,635.0,678.0,467.0,2285.0,5928.0,13973.0,,74682.0,82.0,65.0,2149.0,5039.0,48632.0,17555.0,7084.0,93557.0,9923.0,2871.0,21350.0,5667.0,29345.0,29090.0,70497.0,15590.0,0.0,87.0,96531.0,8348.0,30099.0,994.0,7485.0,19732.0,3186.0,,0.0,321.0,343252.0
235,2015,Greenland,,,,,,,,,,,,,,,,,,,,,,,,,,,,,,,,,,,,,,,,,,,,,,,,,,15.0,,,39.0
236,2015,Saint Pierre and Miquelon,,,,,,,,,,,,,,,,,,,,,,,,,,,,,,,,,,,,,,,,,,,,,,,,,,181.0,,,63.0
237,2015,United States of America,,28558.0,5943.0,33617.0,54780.0,,,,1131284.0,,29579.0,940874.0,32460.0,,604004.0,712830.0,,6085.0,1744402.0,17226.0,21076.0,22808.0,,240948.0,,,49765.0,85924.0,1276489.0,881191.0,530645.0,12050031.0,257427.0,107852.0,179639.0,80073.0,347968.0,97901.0,687696.0,442693.0,,,269778.0,28642.0,442615.0,13338.0,47664.0,197171.0,8176.0,842175.0,,,
